hotel_market,interactions,bookings,unique_users,unique_bookers,segment_name,segment_value,booking_rate,share_of_users,share_of_interactions,gap_from_mean,potential_bookings,hotel_country
0,1557,59,821,982,hotel_market,0,0.03789338471419396,0.0001225459648121427,2.804738130409479e-05,-0.046008515291395484,71.63525830870277,204
1,1674,261,378,1192,hotel_market,1,0.15591397849462366,5.6421893665030385e-05,3.0154987991685727e-05,0.07201207848903421,-120.54821939064327,11
2,479879,20067,44591,269578,hotel_market,2,0.041816791316144276,0.006655843016977169,0.008644411877217536,-0.04208510868944517,20195.75987278226,77
3,9295,851,1721,5837,hotel_market,3,0.09155459924690694,0.00025688380687173887,0.00016743764240305785,0.007652699241317493,-71.1318394480461,11
4,264820,14127,25511,148038,hotel_market,4,0.05334566875613624,0.0038078807653137304,0.004770396606904548,-0.030556231249453204,8091.901159480198,144
5,111488,5440,12392,62421,hotel_market,5,0.04879448909299656,0.001849682820891684,0.0020083149947533203,-0.03510741091259289,3914.055027823156,199
6,71725,1506,8451,31363,hotel_market,6,0.020996863018473335,0.0012614323369396078,0.0012920349544227351,-0.06290503698711611,4511.863777900903,77
7,44476,3202,5759,28255,hotel_market,7,0.07199388434211709,0.0008596129249124603,0.0008011787610025176,-0.011908015663472354,529.6209046485965,144
8,125546,6950,13682,72469,hotel_market,8,0.055358195402481956,0.002042233727843772,0.002261552044446939,-0.02854370460310749,3583.547938101733,7
9,5592,702,1456,3752,hotel_market,9,0.1255364806866953,0.00021732877559863556,0.00010073279142742328,0.04163458068110584,-232.8205751687439,11
10,102361,5847,12691,60003,hotel_market,10,0.05712136458221393,0.0018943128373092608,0.0018439036593888545,-0.026780535423375516,2741.2823864721413,70
11,44827,1415,5977,21766,hotel_market,11,0.03156579739888906,0.0008921525355446735,0.0008075015810652904,-0.05233610260670039,2346.070471550558,170
12,210444,9969,20370,129806,hotel_market,12,0.04737127216741746,0.003040513158615526,0.003790881895413567,-0.036530627838171986,7687.651444776266,105
13,122354,10329,14597,78334,hotel_market,13,0.0844189809895876,0.0021788105339376946,0.002204052210713689,0.0005170809839981499,-63.26692671610964,144
14,10310,938,1537,6368,hotel_market,14,0.09097963142580019,0.0002294191813839992,0.00018572158076121854,0.007077731420210745,-72.97141094237278,21
15,48952,3806,6576,29272,hotel_market,15,0.0777496322928583,0.0009815618326487825,0.0008818082271021503,-0.006152267712731141,301.1658090736148,144
16,37403,3079,5015,22716,hotel_market,16,0.08231960003208298,0.0007485603088098607,0.0006737676319313149,-0.0015822999735064652,59.18276590906232,79
17,1704,160,356,1064,hotel_market,17,0.09389671361502347,5.313807974801803e-05,3.069539996286289e-05,0.009994813609434022,-17.031162390475576,199
18,936,132,268,635,hotel_market,18,0.14102564102564102,4.000282407996863e-05,1.6860853500727502e-05,0.05712374102005158,-53.467821594768274,11
19,1184178,57356,91729,702843,hotel_market,19,0.04843528591140859,0.013691862126982994,0.021331465573487706,-0.03546661409418086,41998.7841448189,70
20,224580,13367,24207,131658,hotel_market,20,0.05951999287558999,0.003613240158596271,0.0040455240162322464,-0.024381907129999457,5475.688703255278,77
21,43465,2015,6386,23797,hotel_market,21,0.046359139537558956,0.0009532016215473122,0.0007829668775738471,-0.03754276046803049,1631.7960837429453,77
22,152306,10042,16934,95496,hotel_market,22,0.06593305582183237,0.002527641130485779,0.002743599522736969,-0.017968844183757077,2736.7627822513055,105
23,56185,3678,6267,35524,hotel_market,23,0.06546231200498354,0.0009354391735416545,0.0010121015533529644,-0.01843958800060591,1036.0282518140432,17
24,173052,11065,19110,107659,hotel_market,24,0.06394031851697755,0.0028524401797320915,0.0031173124145383504,-0.019961581488611893,3454.3915997672652,144
25,1005,127,224,635,hotel_market,25,0.1263681592039801,3.343519624594393e-05,1.810380103443498e-05,0.04246625919839064,-42.6785904943826,7
26,27199,2180,4809,16705,hotel_market,26,0.08015000551490864,0.0007178118694051087,0.000489955506801589,-0.003751894490680807,102.04777825202727,11
27,969969,35920,76706,563086,hotel_market,27,0.037032111335516905,0.011449465014470424,0.017472761975691406,-0.04686978867007254,45462.24204652159,204
28,197270,8888,20009,113153,hotel_market,28,0.045055000760379174,0.0029866287575227328,0.0035535689851373016,-0.03884689924521027,7663.32781410263,169
29,657927,26873,53437,375630,hotel_market,29,0.040844956963310516,0.007976234740154044,0.011851720898689256,-0.04305694304227893,28328.32536497745,105
30,36739,1767,4035,21783,hotel_market,30,0.04809602874329731,0.0006022813252338561,0.000661806513635927,-0.035805871262292135,1315.4719043053508,17
31,2954,314,534,1892,hotel_market,31,0.10629654705484089,7.970711962202705e-05,5.3212565428578035e-05,0.02239464704925144,-66.15378738348875,11
32,89474,5390,10271,51982,hotel_market,32,0.060240963855421686,0.0015330933064379023,0.0016117606903035177,-0.02366093615016776,2117.03860110011,21
33,13401,991,1993,8191,hotel_market,33,0.07394970524587717,0.00029748368802752793,0.00024140202752483895,-0.009952194759712277,133.36936197490422,58
34,1578,215,376,1150,hotel_market,34,0.13624841571609633,5.612336512712017e-05,2.8425669683918803e-05,0.052346515710506886,-82.60280179117987,11
35,260750,10192,26309,152339,hotel_market,35,0.039087248322147654,0.003926993651939906,0.00469708071614818,-0.04481465168344179,11685.420426457447,105
36,173294,9035,18316,99329,hotel_market,36,0.052136831050122914,0.002733924350181737,0.0031216717377725127,-0.03176506895546653,5504.695859568617,107
37,8722,734,1267,5534,hotel_market,37,0.08415501031873424,0.00018911782876612036,0.000157115773753574,0.0002531103131447887,-2.207628151248847,212
38,39710,3048,4600,23847,hotel_market,38,0.0767564845127172,0.0006866156371934915,0.0007153253125148388,-0.007145415492872245,283.74444922195687,15
39,70872,5439,9826,46322,hotel_market,39,0.07674398916356248,0.0014666707067528797,0.0012766692407089311,-0.0071579108420269655,507.2954571961351,46
40,21497,349,3315,11085,hotel_market,40,0.016234823463739126,0.0004948110515861792,0.0003872412048131828,-0.06766707654185032,1454.6391444201563,26
41,7821,520,1366,4855,hotel_market,41,0.06648766142437028,0.00020389499139267594,0.00014088540088588654,-0.01741423858121917,136.1967599437151,104
42,2674,194,437,1578,hotel_market,42,0.07255048616305161,6.522848553338168e-05,4.8168720364257845e-05,-0.011351413842537836,30.353680614946175,104
43,58550,3940,7189,37283,hotel_market,43,0.06729291204099061,0.001073060829518263,0.0010547040304140975,-0.016608987964598837,972.4562453272619,34
44,104044,2647,12826,58467,hotel_market,44,0.025441159509438316,0.0019144635136182002,0.0018742207709718935,-0.05846074049615113,6082.489284181548,5
45,13826,1137,1871,8512,hotel_market,45,0.0822363662664545,0.0002792734472150049,0.0002490578637831821,-0.0016655337391349445,23.027669477279744,104
46,619953,26138,38876,351506,hotel_market,46,0.04216126061169153,0.005802797719898733,0.011167667425573203,-0.04174063939389792,25877.234614165194,182
47,117435,7489,11583,71482,hotel_market,47,0.06377144803508324,0.0017289280273070024,0.002115442661173007,-0.02013045197050621,2364.019627156397,99
48,787,107,185,556,hotel_market,48,0.13595933926302414,2.7613889756694762e-05,1.4176807377214256e-05,0.052057439257434696,-40.96920469560111,189
49,2068,169,449,1230,hotel_market,49,0.08172147001934237,6.701965676084297e-05,3.725239854647914e-05,-0.0021804299862470816,4.509129211558965,197
50,1758,151,357,1078,hotel_market,50,0.08589306029579068,5.328734401697314e-05,3.166814151098178e-05,0.00199116029020123,-3.500459790173762,5
51,13903,1056,1751,8538,hotel_market,51,0.07595482989282888,0.00026136173494039207,0.0002504449211758702,-0.007947070112760565,110.48811577771014,104
52,69186,2693,6385,40355,hotel_market,52,0.038924059780880524,0.0009530523572783571,0.0012462980879287746,-0.04497784022470892,3111.8368537867113,182
53,4333,192,771,2571,hotel_market,53,0.044311100853911836,0.00011508275136438737,7.805350237035498e-05,-0.03959079915167761,171.5469327242191,182
54,2477,159,370,1445,hotel_market,54,0.0641905530884134,5.5227779513389525e-05,4.462001508686114e-05,-0.019711346917176048,48.82500631384507,99
55,17499,1552,2529,11525,hotel_market,55,0.08869078233041888,0.0003774893361874652,0.0003152223027876395,0.004788882324829435,-83.80065180219029,34
56,1527,112,305,1046,hotel_market,56,0.0733464309102816,4.552560203130759e-05,2.7506969332917624e-05,-0.010555469095307843,16.118201308535077,34
57,3460,359,630,2360,hotel_market,57,0.10375722543352602,9.40364894417173e-05,6.232751400909953e-05,0.019855325427936568,-68.69942598066052,34
58,98464,2095,10595,45513,hotel_market,58,0.021276811829704256,0.0015814549295793568,0.001773704144332941,-0.06262508817588519,6166.316682150359,87
59,80300,1031,12896,35747,hotel_market,59,0.012839352428393524,0.0019249120124450578,0.0014465027095175412,-0.07106254757719592,5706.322570448832,140
60,32320,775,3765,17484,hotel_market,60,0.023978960396039604,0.0005619799726159772,0.0005822038302815308,-0.05992293960954984,1936.7094081806508,104
61,481941,24735,38444,286294,hotel_market,61,0.05132370974870368,0.005738315555710127,0.008681556193369779,-0.03257819025688577,15700.765590593785,171
62,22006,596,2549,12024,hotel_market,62,0.02708352267563392,0.0003804746215665673,0.000396410194590822,-0.056818377329955524,1250.3452115230014,182
63,6247,496,988,3998,hotel_market,63,0.0793981110933248,0.00014747309772764554,0.00011253178613145802,-0.004503788912264647,28.13516933491725,104
64,12488,640,1653,7823,hotel_market,64,0.05124919923126201,0.0002467338365827916,0.0002249554898686806,-0.032652700774327435,407.766927269801,104
65,39653,3107,4462,24856,hotel_market,65,0.07835472725897158,0.0006660171680776867,0.0007142985297696022,-0.005547172746617868,219.9620409216383,5
66,19296,1093,2119,10312,hotel_market,66,0.056643864013267,0.0003162909859158714,0.0003475929798611516,-0.027258035992322446,525.971062507854,130
67,6781,460,953,4209,hotel_market,67,0.06783660227105147,0.00014224884831421682,0.00012215111921841154,-0.01606529773453798,108.93878393790203,104
68,54362,1479,5422,27567,hotel_market,68,0.027206504543615024,0.0008093108662745892,0.0009792625192377655,-0.05669539546197443,3082.075088103854,182
69,142034,6492,13744,77099,hotel_market,69,0.0457073658419815,0.0020514881125189882,0.002558562463805908,-0.03819453416360795,5424.922465393892,151
70,42059,975,4777,20446,hotel_market,70,0.023181720915856296,0.0007130354127985453,0.0007576395698580108,-0.06072017908973315,2553.8300123350864,151
71,378,34,101,249,hotel_market,71,0.08994708994708994,1.507569116446579e-05,6.809190836832261e-06,0.006045189941500495,-2.2850817978871873,104
72,58371,3022,6884,34862,hotel_market,72,0.051772284182213774,0.0010275352274869555,0.001051479572319407,-0.03212961582337567,1875.4378052262614,110
73,162201,1317,15025,72206,hotel_market,73,0.008119555366489726,0.0022426956410504803,0.0029218454045635703,-0.07578234463909972,12291.972082806613,152
74,43621,696,4861,19478,hotel_market,74,0.015955617707067698,0.0007255736113907744,0.0007857770198239684,-0.06794628229852175,2963.884780143817,132
75,8646,425,1127,5007,hotel_market,75,0.049155678926671297,0.0001682208311124054,0.00015574673009325854,-0.03474622107891815,300.41582744832635,151
76,42074,3003,5440,25982,hotel_market,76,0.07137424537719257,0.0008119976231157812,0.0007579097758435993,-0.012527654628396875,527.0885408351701,104
77,3927,294,637,2364,hotel_market,77,0.0748663101604278,9.508133932440306e-05,7.073992702709071e-05,-0.009035589845161646,35.48276132194978,99
78,712,55,170,442,hotel_market,78,0.07724719101123595,2.537492572236816e-05,1.2825777449271348e-05,-0.006654708994353498,4.73815280397969,34
79,91534,3332,6723,53243,hotel_market,79,0.03640177420412087,0.0010035036801851831,0.0016488689789910162,-0.047500125801468576,4347.876515111625,182
80,42609,1836,4957,22874,hotel_market,80,0.04308948813630923,0.0007399029812104645,0.0007675471226629254,-0.04081241186928022,1738.9760573381607,151
81,7251,176,1286,3917,hotel_market,81,0.024272514135981246,0.0001919538498762674,0.00013061757343352042,-0.0596293858696082,432.37267694052906,182
82,3962,97,935,2105,hotel_market,82,0.024482584553255932,0.00013956209147302488,7.137040766013073e-05,-0.05941931545233352,235.4193278221454,182
83,316054,6419,22363,159442,hotel_market,83,0.020309820473716517,0.003337996846643054,0.005693312171280909,-0.06359207953187293,20098.531104366568,182
84,3959,303,641,2436,hotel_market,84,0.07653447840363728,9.567839640022348e-05,7.131636646301302e-05,-0.007367421601952168,29.16762212212863,104
85,31299,1602,3469,18220,hotel_market,85,0.051183743889581135,0.0005177977490052656,0.0005638118095291347,-0.03271815611600831,1024.0455682749441,34
86,2311,79,489,1443,hotel_market,86,0.0341843357853743,7.299022751904724e-05,4.1629735513014166e-05,-0.04971756422021515,114.89729091291721,182
87,11962,780,1471,7880,hotel_market,87,0.06520648720949673,0.00021956773963296216,0.00021548026664070769,-0.018695412796092714,223.63452786686105,34
88,200856,13208,16721,123929,hotel_market,88,0.06575855339148445,0.0024958478411983413,0.0036181662294253454,-0.018143346614104994,3644.200027522673,99
89,3170,215,505,1943,hotel_market,89,0.06782334384858044,7.537845582232895e-05,5.7103531621053615e-05,-0.01607855615700901,50.96902301771856,5
90,11945,702,1497,6561,hotel_market,90,0.058769359564671414,0.00022344861062579492,0.00021517403319037395,-0.025132540440918033,300.2081955667659,130
91,291387,10793,20087,152559,hotel_market,91,0.03704008758112064,0.002998271370501231,0.005248967434846672,-0.04686181242446881,13654.922936928693,130
92,18067,949,4765,9974,hotel_market,92,0.05252670614933304,0.0007112442415710841,0.00032545410277526045,-0.03137519385625641,566.8556274009845,130
93,754,85,183,548,hotel_market,93,0.11273209549071618,2.731536121878455e-05,1.3582354208919377e-05,0.028830195485126733,-21.737967395785557,34
94,5961,433,942,3902,hotel_market,94,0.07263881899010233,0.00014060694135571063,0.0001073798586729024,-0.01126308101548712,67.13922593331873,34
95,3545,263,491,2231,hotel_market,95,0.07418899858956277,7.328875605695746e-05,6.385868126076816e-05,-0.009712901416026681,34.43223551981458,99
96,2950,184,454,1824,hotel_market,96,0.062372881355932205,6.77659781056185e-05,5.314051049908775e-05,-0.02152901864965724,63.51060501648886,104
97,18086,1469,2420,11774,hotel_market,97,0.08122304544951897,0.0003612195308713585,0.00032579636369033934,-0.0026788545560704757,48.44976350109062,34
98,7512,407,988,4211,hotel_market,98,0.05417997870074547,0.00014747309772764554,0.00013531915758276176,-0.029721921304843975,223.27107284198794,5
99,63127,1114,10394,33817,hotel_market,99,0.017646965640692572,0.0015514528115193804,0.00113715288348336,-0.06625493436489688,4182.475241652845,193
100,43123,1636,7366,25105,hotel_market,100,0.03793799132713401,0.0010994806051233168,0.0007768061811024274,-0.045963908678455435,1982.1016339410337,146
101,23352,972,5044,13386,hotel_market,101,0.04162384378211716,0.0007528889726095588,0.0004206566783643041,-0.042278056223472284,987.2771689305248,13
102,10115,793,1558,6207,hotel_market,102,0.07839841819080573,0.00023255373103205643,0.00018220890294856696,-0.005503481814783717,55.6677185565373,71
103,18439,1255,2174,11309,hotel_market,103,0.06806225934161289,0.00032450052070840226,0.00033215521121785727,-0.015839640663976556,292.06713420306374,129
104,18265,717,5018,11374,hotel_market,104,0.03925540651519299,0.0007490081016167261,0.00032902082178502975,-0.044646493490396455,815.4682036020912,204
105,236,24,55,147,hotel_market,105,0.1016949152542373,8.209534792530876e-06,4.25124083992702e-06,0.017793015248647848,-4.199151598680892,4
106,88510,4655,9278,54617,hotel_market,106,0.05259292735284149,0.0013848738873654812,0.001594395452296358,-0.03130897265274796,2771.1571694947215,106
107,400159,18657,33690,228074,hotel_market,107,0.046623966973128185,0.005028713221097549,0.007208357132476086,-0.03727793303246126,14917.100404336667,106
108,156284,6539,13758,84047,hotel_market,108,0.04184049550817742,0.0020535778122843596,0.0028152581501150607,-0.042061404497412025,6573.524540473541,106
109,25134,847,4173,13387,hotel_market,109,0.0336993713694597,0.0006228797943496608,0.00045275714945222764,-0.05020252863612975,1261.790354740485,8
110,1291234,23188,91615,582753,hotel_market,110,0.017958015355853393,0.013674846000322113,0.023259943706365787,-0.06594388464973605,85148.98595181727,8
111,90468,1768,10941,41136,hotel_market,111,0.019542821771234026,0.0016331003666378238,0.0016296663402818544,-0.06435907823435542,5822.437089705667,8
112,4436,274,774,2683,hotel_market,112,0.06176735798016231,0.00011553054417125268,7.990891680472992e-05,-0.02213454202542714,98.18882842479479,8
113,32890,3073,3843,20645,hotel_market,113,0.09343265430221952,0.0005736225855944756,0.000592471657733897,0.00953075429663007,-313.466508816163,8
114,10915,242,2050,5529,hotel_market,114,0.022171323866239122,0.000305991751357969,0.00019661988884662468,-0.061730576139350325,673.7892385610088,8
115,5388,336,1046,3305,hotel_market,115,0.062360801781737196,0.00015613042532704175,9.705799002341857e-05,-0.02154109822385225,116.06343723011592,8
116,11391,948,1673,7141,hotel_market,116,0.0832235975770345,0.00024971912196189374,0.000205194425455969,-0.0006783024285549472,7.726542963669403,8
117,2795,127,542,1410,hotel_market,117,0.045438282647584975,8.090123377366791e-05,5.034838198133907e-05,-0.03846361735800447,107.5058105156225,8
118,288732,5554,31637,135086,hotel_market,118,0.019235831151379133,0.004722273676932715,0.005201140975397493,-0.0646660688542103,18671.16339241385,8
119,474,41,85,289,hotel_market,119,0.08649789029535865,1.268746286118408e-05,8.538509144599184e-06,0.002595990289769201,-1.2304993973506013,8
120,24559,770,3341,12130,hotel_market,120,0.03135306812166619,0.0004986919225790119,0.00044239925333799864,-0.05254883188392326,1290.5467622372712,8
121,128216,11775,12868,81362,hotel_market,121,0.09183721220440506,0.0019207326129143147,0.002309648709881707,0.007935312198815617,-1017.4339888833431,8
122,16561,2176,2341,11191,hotel_market,122,0.13139303182174988,0.0003494276536239051,0.0002983254218221668,0.04749113181616044,-786.500634007433,8
123,8020,442,1149,5094,hotel_market,123,0.05511221945137157,0.00017150464502941774,0.00014447013362802838,-0.028789680554217878,230.89323804482737,8
124,8876,794,1154,5773,hotel_market,124,0.08945470932852637,0.00017225096637419327,0.00015988988853895013,0.005552809322936919,-49.286735550388094,8
125,9207,889,1276,5825,hotel_market,125,0.09655696752470946,0.00019046120718671633,0.0001658524339542715,0.012655067519120017,-116.515206648538,8
126,747105,12652,54875,347902,hotel_market,126,0.016934701280275195,0.008190876758911487,0.013458149524210492,-0.06696719872531426,50031.52900367591,8
127,1584,241,298,1062,hotel_market,127,0.15214646464646464,4.4480752148621836e-05,2.8533752078154236e-05,0.0682445646408752,-108.0993903911463,8
128,11028,534,1729,6617,hotel_market,128,0.04842219804134929,0.0002580779210233797,0.0001986554406047253,-0.035479701964240155,391.2701532616404,8
129,5380,417,1145,3190,hotel_market,129,0.0775092936802974,0.00017090758795359733,9.6913880164438e-05,-0.006392606325292052,34.39222203007124,8
130,4764,427,753,2974,hotel_market,130,0.08963056255247691,0.00011239599452319544,8.581742102293357e-05,0.005728662546887461,-27.291348373371864,8
131,9048,785,1345,5427,hotel_market,131,0.08675950486295314,0.0002007604417446187,0.00016298825050703252,0.0028576048573636936,-25.8556087494267,8
132,56262,2778,6728,33649,hotel_market,132,0.04937613309160713,0.0010042500015299588,0.0010134886107456525,-0.03452576691398232,1942.4886981144732,77
133,30735,2506,4657,19588,hotel_market,133,0.08153570847567919,0.0006951237005239326,0.000553652064471004,-0.002366191529910258,72.72489667179178,70
134,38055,3844,6033,24636,hotel_market,134,0.10101169360136644,0.0009005113346061595,0.000685512585438232,0.017109793595776995,-651.1131952872936,70
135,17743,1889,2962,11586,hotel_market,135,0.10646452121963591,0.00044212076464502644,0.0003196176534865471,0.022562621214046466,-400.32858820082646,70
136,80585,2842,6861,41877,hotel_market,136,0.03526710926351058,0.001024102149300988,0.001451636623243724,-0.04863479074207887,3919.2346119504255,106
137,1148,157,201,751,hotel_market,137,0.1367595818815331,3.0002118059976473e-05,2.0679764763712793e-05,0.05285768187594364,-60.6806187935833,8
138,2056,333,383,1403,hotel_market,138,0.1619649805447471,5.716821500980592e-05,3.703623375800827e-05,0.07806308053915764,-160.4976935885081,8
139,4946,275,1031,2831,hotel_market,139,0.05560048524059846,0.00015389146129271515,8.909592031474169e-05,-0.028301414764990984,139.97879742764542,8
140,4183,136,876,2267,hotel_market,140,0.03251255080086063,0.00013075549960467358,7.535144251446916e-05,-0.05138934920472882,214.96164772338065,8
141,19819,1515,2106,12150,hotel_market,141,0.07644179827438317,0.000314350550419455,0.0003570141618920068,-0.007460101731206273,147.85175621077713,127
142,28530,1856,3447,17283,hotel_market,142,0.06505432877672625,0.0005145139350882532,0.0005139317845894825,-0.0188475712288632,537.7212071594671,1
143,21676,1304,2410,13406,hotel_market,143,0.06015870086731869,0.00035972688818180744,0.00039046566290787323,-0.023743199138270756,514.6575845211569,147
144,12343,850,2080,7337,hotel_market,144,0.06886494369278133,0.00031046967942662223,0.00022234349867465765,-0.015036956312808117,185.60115176899058,106
145,1222,65,405,736,hotel_market,145,0.05319148936170213,6.045202892681827e-05,2.2012780959283128e-05,-0.03071041064388732,37.528121806830306,5
146,12591,723,1680,7786,hotel_market,146,0.05742196807243269,0.00025076397184457946,0.00022681090430305554,-0.02647993193315676,333.4088229703767,112
147,400,11,147,254,hotel_market,147,0.0275,2.1941847536400703e-05,7.205492949028847e-06,-0.05640190000558945,22.56076000223578,104
148,711,22,303,462,hotel_market,148,0.030942334739803096,4.522707349339737e-05,1.2807763716898776e-05,-0.05295956526578635,37.654250903974095,182
149,801,53,129,426,hotel_market,149,0.066167290886392,1.925509069520878e-05,1.4428999630430267e-05,-0.017734609119197442,14.20542190447715,104
150,35146,1938,4221,20367,hotel_market,150,0.055141410117794346,0.000630044479259506,0.0006331106379664197,-0.0287604898877951,1010.8161775964467,15
151,16478,1261,2257,9852,hotel_market,151,0.0765262774608569,0.0003368894550316761,0.00029683028203524335,-0.007375622544732549,121.53550829210295,4
152,66341,3248,7570,37895,hotel_market,152,0.048959165523582704,0.0011299305159901587,0.001195049019328807,-0.03494273448200674,2318.1359482708094,48
153,484624,19124,37676,274591,hotel_market,153,0.039461520684076726,0.005623680597152605,0.00872988703732539,-0.04444037932151272,21536.87438830878,48
154,29398,1842,3679,18911,hotel_market,154,0.06265732362745766,0.000549143245485838,0.0005295677042888752,-0.02124457637813179,624.5480563643184,77
155,148095,8795,17549,87980,hotel_market,155,0.05938755528545866,0.0026194386558931696,0.002667743695716068,-0.02451434472013079,3630.451881327769,31
156,23949,1459,3052,13385,hotel_market,156,0.060921124055284145,0.00045555454885098603,0.00043141087659072966,-0.0229807759503053,550.3666032338617,106
157,2375,287,422,1514,hotel_market,157,0.12084210526315789,6.298952149905508e-05,4.278261438485878e-05,0.03694020525756844,-87.73298748672505,8
158,40678,1338,7989,20798,hotel_market,158,0.032892472589606175,0.0011924722446823486,0.0007327626054514886,-0.05100942741598327,2074.9614884273674,204
159,23704,1731,3288,15027,hotel_market,159,0.07302564967937901,0.0004907809163243913,0.0004269975121594495,-0.010876250326210438,257.81063773249224,115
160,22445,2027,3839,13543,hotel_market,160,0.09030964580084651,0.0005730255285186552,0.0004043182231023812,0.006407745795257061,-143.82185437454473,106
161,1968,146,391,1261,hotel_market,161,0.0741869918699187,5.836232916144677e-05,3.5451025309221925e-05,-0.009714908135670747,19.11893921100003,75
162,6797,634,1078,4412,hotel_market,162,0.09327644549065764,0.00016090688193360516,0.00012243933893637269,0.009374545485068192,-63.7187856620085,2
163,1307,105,270,822,hotel_market,163,0.08033664881407804,4.0301352617878845e-05,2.3543948210951758e-05,-0.0035652511915114093,4.659783307305412,191
164,2318,284,399,1500,hotel_market,164,0.12251941328731665,5.9556443313087625e-05,4.175583163962217e-05,0.0386175132817272,-89.51539578704366,8
165,2509,286,421,1569,hotel_market,165,0.11398963730569948,6.284025723009997e-05,4.5196454522783444e-05,0.030087737300110037,-75.49013288597608,8
166,7269,280,1210,3604,hotel_market,166,0.038519741367450816,0.00018060976543567925,0.00013094182061622672,-0.04538215863813863,329.8829111406297,158
167,15648,1147,2458,9742,hotel_market,167,0.07330010224948875,0.0003668915730916526,0.00028187888416600853,-0.010601797756100692,165.89693128746362,131
168,20732,1042,3260,12017,hotel_market,168,0.050260466911055374,0.00048660151679364827,0.00037346069954816516,-0.03364143309453407,697.4541909158804,92
169,1205,58,345,759,hotel_market,169,0.048132780082987554,5.1496172789511855e-05,2.17065475089494e-05,-0.03576911992260189,43.10178950673528,181
170,1626,84,355,927,hotel_market,170,0.05166051660516605,5.298881547906293e-05,2.9290328837802263e-05,-0.032241383400423394,52.42448940908844,184
171,35164,2730,3503,22149,hotel_market,171,0.07763621886019793,0.0005228727341497392,0.000633434885149126,-0.0062656811453915134,220.32641179654718,202
172,10253,719,1457,6237,hotel_market,172,0.07012581683409734,0.00021747803986759065,0.00018469479801598194,-0.013776083171492107,141.24618075730857,57
173,2388,149,380,1434,hotel_market,173,0.062395309882747066,5.67204222029406e-05,4.301679290570222e-05,-0.02150659012284238,51.357737213347605,83
174,1204,103,247,741,hotel_market,174,0.08554817275747509,3.6868274431911386e-05,2.168853377657683e-05,0.0016462727518856413,-1.9821123932703122,211
175,1143,61,329,753,hotel_market,175,0.05336832895888014,4.910794448623015e-05,2.058969610184993e-05,-0.030533571046709305,34.89987170638874,134
176,1740,90,479,1131,hotel_market,176,0.05172413793103448,7.149758482949617e-05,3.1343894328275486e-05,-0.032177762074554965,55.98930600972564,25
177,17665,832,3389,10279,hotel_market,177,0.04709878290404755,0.000505856607488857,0.00031821258236148646,-0.036803117101541896,650.1270635987375,125
178,4360,256,686,2674,hotel_market,178,0.05871559633027523,0.00010239528850320329,7.853987314441444e-05,-0.025186303675314214,109.81228402436997,143
179,775,32,200,484,hotel_market,179,0.04129032258064516,2.9852853791021367e-05,1.3960642588743392e-05,-0.042611577424944286,33.02397250433182,182
180,4469,383,1173,2973,hotel_market,180,0.08570149921682703,0.0001750869874843403,8.050336997302479e-05,0.001799599211237582,-8.042408875020755,204
181,10561,294,1383,4735,hotel_market,181,0.027838272890824734,0.00020643248396491276,0.00019024302758673413,-0.056063627114764716,592.0879659590302,153
182,3145,444,571,2070,hotel_market,182,0.1411764705882353,8.5229897573366e-05,5.665318831173931e-05,0.057274570582645845,-180.12852448242117,8
183,937,73,192,612,hotel_market,183,0.07790821771611527,2.865873963938051e-05,1.6878867233100074e-05,-0.005993682289474181,5.616080305237308,5
184,1646,58,483,968,hotel_market,184,0.03523693803159174,7.20946419053166e-05,2.9650603485253705e-05,-0.04866496197399771,80.10252740920023,151
185,12727,243,1879,6513,hotel_market,185,0.01909326628427752,0.0002804675613666457,0.00022926077190572536,-0.06480863372131193,824.8194813711369,185
186,38167,2482,5512,23677,hotel_market,186,0.06502999973799356,0.0008227446504805488,0.0006875301234639601,-0.018871900267595887,720.2838175133322,107
187,2445,176,491,1648,hotel_market,187,0.0719836400817996,7.328875605695746e-05,4.404357565093883e-05,-0.01191825992378985,29.140145513666184,201
188,1754,113,393,1126,hotel_market,188,0.06442417331812998,5.866085769935698e-05,3.1596086581491495e-05,-0.019477726687459465,34.1639326098039,204
189,2454,295,472,1585,hotel_market,189,0.1202118989405053,7.045273494681042e-05,4.420569924229198e-05,0.03630999893491585,-89.10473738628349,8
190,17112,674,7128,11272,hotel_market,190,0.03938756428237494,0.0010639557091120014,0.0003082509883594541,-0.044514335723214504,761.7293128956466,50
191,552063,38894,63503,338987,hotel_market,191,0.07045210419825274,0.009478728871456149,0.009944715134799281,-0.013449795807336712,7425.1346227857275,50
192,57256,5410,9021,36704,hotel_market,192,0.09448791393041778,0.0013465129702440188,0.0010313942607239892,0.01058601392482833,-606.1128132799709,50
193,9229,172,2823,5066,hotel_market,193,0.01863690540686965,0.00042137303126026657,0.00016624873606646808,-0.06526499459871979,602.3306351515849,160
194,5049,78,1523,2964,hotel_market,194,0.015448603683897801,0.0002273294816186277,9.095133474911663e-05,-0.06845329632169164,345.6206931282211,81
195,14390,285,3545,7865,hotel_market,195,0.01980542043085476,0.0005291418334458537,0.00025921760884131277,-0.06409647957473469,922.3483410804322,128
196,46139,842,9484,21760,hotel_market,196,0.018249203493790504,0.0014156223267702331,0.0008311355979381049,-0.06565269651179895,3029.1497643578914,136
197,93563,2138,17642,45872,hotel_market,197,0.02285091328837254,0.0026333202329059946,0.0016854188419749652,-0.061050986717216905,5712.113470222966,51
198,2034,41,649,1101,hotel_market,198,0.02015732546705998,9.687251055186434e-05,3.663993164581169e-05,-0.06374457453852947,129.65646461136893,61
199,102556,1428,14917,50386,hotel_market,199,0.013924100003900309,0.0022265751000033287,0.0018474163372015062,-0.06997780000168914,7176.6432569732315,121
200,42692,521,7895,20423,hotel_market,200,0.012203691558137357,0.0011784414034005685,0.0007690422624498489,-0.07169820844745209,3060.9399150386243,118
201,146316,2546,21213,67484,hotel_market,201,0.01740069438749009,0.0031663429373446814,0.002635697265825262,-0.06650120561809936,9730.190401217826,96
202,66595,1304,11014,33262,hotel_market,202,0.019581049628350475,0.0016439966582715466,0.0011996245073514402,-0.06432085037723898,4283.447030872229,52
203,79941,866,11658,34630,hotel_market,203,0.010832989329630602,0.0017401228474786354,0.0014400357795957878,-0.07306891067595885,5841.201788346826,67
204,55968,1024,10440,27721,hotel_market,204,0.018296169239565466,0.0015583189678913152,0.0010081925734281164,-0.06560573076602398,3671.82153951283,80
205,2461,81,644,1495,hotel_market,205,0.0329134498171475,9.612618920708879e-05,4.433179536889998e-05,-0.05098845018844195,125.48257591375564,188
206,9181,217,2019,4709,hotel_market,206,0.02363576952401699,0.0003013645590203607,0.00016538407691258462,-0.06026613048157246,553.3033439513167,156
207,1006,26,346,494,hotel_market,207,0.02584493041749503,5.1645437058466964e-05,1.812181476680755e-05,-0.05805696958809442,58.40531140562299,47
208,4941,103,1017,2619,hotel_market,208,0.020845982594616473,0.00015180176152734365,8.900585165287884e-05,-0.06305591741097297,311.55928792761745,165
209,46630,1180,6913,22969,hotel_market,209,0.02530559725498606,0.0010318638912866535,0.0008399803405330379,-0.05859630275060339,2732.345597260636,186
210,237,18,91,149,hotel_market,210,0.0759493670886076,1.3583048474914722e-05,4.269254572299592e-06,-0.00795253291698185,1.8847503013246985,165
211,3430,49,1136,2131,hotel_market,211,0.014285714285714285,0.00016956420953300136,6.178710203792237e-05,-0.06961618571987516,238.7835170191718,157
212,827028,22298,65115,420317,hotel_market,212,0.026961602267396027,0.009719342873011782,0.014897861056623574,-0.056940297738193424,47091.22055782263,50
213,318549,7093,36074,159729,hotel_market,213,0.022266590069345688,0.005384559238286524,0.005738256433550476,-0.06163530993624376,19633.866344880513,50
214,100124,2361,14452,51898,hotel_market,214,0.023580759857776357,0.002157167214939204,0.0018036069400714108,-0.06032114014781309,6039.593836159638,50
215,1054,45,300,654,hotel_market,215,0.04269449715370019,4.477928068653205e-05,1.898647392069101e-05,-0.04120740285188926,43.432602605891276,50
216,2138,75,651,1224,hotel_market,216,0.035079513564078575,9.717103908977454e-05,3.851335981255919e-05,-0.04882238644151087,104.38226221195025,50
217,13739,674,2146,7110,hotel_market,217,0.049057427760390133,0.00032032112117765925,0.00024749066906676836,-0.034844472245199314,478.7282041767934,77
218,8432,475,1697,4855,hotel_market,218,0.056333017077798864,0.0002533014644168163,0.0001518917913655281,-0.027568882927790583,232.4608208471302,77
219,8700,509,1355,5001,hotel_market,219,0.05850574712643678,0.00020225308443416976,0.00015671947164137742,-0.025396152879152666,220.94653004862818,77
220,3892,197,787,2474,hotel_market,220,0.050616649537512846,0.00011747097966766908,7.010944639405069e-05,-0.0332852504680766,129.54619482175414,44
221,885,93,205,601,hotel_market,221,0.10508474576271186,3.05991751357969e-05,1.5942153149726324e-05,0.021182845757122412,-18.746818495053336,20
222,106898,2978,11625,50598,hotel_market,222,0.027858332241950272,0.0017351971266031168,0.0019256319631632142,-0.056043567763639175,5990.945306797501,77
223,9072,577,1763,5535,hotel_market,223,0.06360229276895944,0.0002631529061678533,0.00016342058008397427,-0.020299607236630005,184.1580368507074,77
224,4067,270,1004,2697,hotel_market,224,0.06638800098352594,0.00014986132603092727,7.32618495592508e-05,-0.017513899022063503,71.22902732273226,204
225,19022,1042,3664,11660,hotel_market,225,0.05477867732099674,0.0005469042814515115,0.00034265721719106684,-0.029123222684592706,553.9819419063225,50
226,1876,210,492,1344,hotel_market,226,0.11194029850746269,7.343802032591255e-05,3.379376193094529e-05,0.028038398501873243,-52.600035589514206,11
227,624,69,223,439,hotel_market,227,0.11057692307692307,3.3285931976988825e-05,1.1240569000485002e-05,0.026675023071333626,-16.64521439651218,79
228,73573,3041,5925,40857,hotel_market,228,0.04133309773965993,0.000884390793559008,0.0013253243318472484,-0.04256880226592952,3131.9144891112323,82
229,5328,356,580,3141,hotel_market,229,0.06681681681681682,8.657327599396196e-05,9.597716608106424e-05,-0.017085083188772623,91.02932322978054,82
230,157633,9461,10756,94579,hotel_market,230,0.06001915842494909,0.0016054864768811291,0.002839558675085661,-0.023882741580640354,3764.708203581081,82
231,45540,1050,4156,24653,hotel_market,231,0.0230566534914361,0.000620342301777424,0.0008203453722469342,-0.06084524651415335,2770.8925262545436,82
232,382233,15490,23541,209541,hotel_market,232,0.04052502007937567,0.0035138301554721698,0.006885442965965358,-0.04337687992621378,16580.074944836473,126
233,9296,667,1536,4905,hotel_market,233,0.0717512908777969,0.00022926991711504408,0.00016745565613543041,-0.012150609127792547,112.95206245195952,70
234,2565,192,927,1647,hotel_market,234,0.07485380116959064,0.00013836797732138403,4.620522353564748e-05,-0.009048098835998802,23.208373514336927,107
235,2978,184,1099,1963,hotel_market,235,0.06178643384822028,0.0001640414315816624,5.3644895005519766e-05,-0.022115466157369167,65.85985821664538,46
236,17563,1497,3251,11467,hotel_market,236,0.08523600751580027,0.0004852581383730523,0.0003163751816594841,0.001334107510210819,-23.430930201832616,46
237,10441,425,1538,6586,hotel_market,237,0.04070491332247869,0.0002295684456529543,0.00018808137970202548,-0.043196986683110755,451.01973795835937,208
238,1271,60,310,775,hotel_market,238,0.04720692368214005,4.627192337608312e-05,2.2895453845539163e-05,-0.036694976323449396,46.639314907104186,208
239,6471,178,1285,3717,hotel_market,239,0.027507340441971874,0.00019180458560731227,0.00011656686218291418,-0.05639455956361757,364.9291949361693,208
240,2197,73,464,1282,hotel_market,240,0.03322712790168411,6.925862079516956e-05,3.957617002254094e-05,-0.050674772103905336,111.33247431228003,208
241,5139,332,798,3191,hotel_market,241,0.06460400856197704,0.00011911288662617525,9.257257066264811e-05,-0.01929789144361241,99.17186412872417,208
242,1168,47,282,705,hotel_market,242,0.04023972602739726,4.209252384534013e-05,2.1040039411164235e-05,-0.043662173978192186,50.99741920652847,208
243,8036,354,1304,5110,hotel_market,243,0.04405176704828273,0.0001946406067174593,0.00014475835334598955,-0.039850132957306716,320.23566844491677,203
244,55973,1825,6891,26848,hotel_market,244,0.032605005985028496,0.0010285800773696412,0.0010082826420899792,-0.05129689402056095,2871.241049012858,111
245,316930,12832,25762,180479,hotel_market,245,0.04048843593222478,0.0038453460968214622,0.005709092200839282,-0.04341346407336467,13759.029168771463,22
246,6706,790,1231,4359,hotel_market,246,0.11780495079033701,0.0001837443150837365,0.00012080008929046862,0.03390305078474756,-227.35385856251716,7
247,838,91,241,531,hotel_market,247,0.10859188544152745,3.5972688818180744e-05,1.5095507728215435e-05,0.024689985435938006,-20.69020779531605,7
248,2761,168,634,1709,hotel_market,248,0.060847519014849694,9.463354651753773e-05,4.973591508067162e-05,-0.023054380990739753,63.65314591543246,79
249,2661,274,556,1854,hotel_market,249,0.10296880871852687,8.29909335390394e-05,4.793454184341441e-05,0.019066908712937425,-50.737044085126485,21
250,3210,398,769,2163,hotel_market,250,0.12398753894080997,0.00011478422282647715,5.78240809159565e-05,0.04008563893522052,-128.67490098205786,21
251,534,71,134,364,hotel_market,251,0.13295880149812733,2.0001412039984316e-05,9.61933308695351e-06,0.049056901492537885,-26.19638539701523,8
252,4036,149,668,2350,hotel_market,252,0.03691774033696729,9.970853166201136e-05,7.270342385570106e-05,-0.046984159668622155,189.628068422559,182
253,47500,2409,5863,29283,hotel_market,253,0.05071578947368421,0.0008751364088837914,0.0008556522876971756,-0.03318611053190524,1576.340250265499,203
254,32626,3296,4040,21910,hotel_market,254,0.10102372341077669,0.0006030276465786316,0.0005877160323875379,0.01712182340518724,-558.6166104176389,203
255,11455,919,1703,7002,hotel_market,255,0.08022697512003492,0.00025419705003054693,0.0002063473043278136,-0.0036749248855545286,42.09626456402712,106
256,4283,133,630,2307,hotel_market,256,0.031053000233481204,9.40364894417173e-05,7.715281575172638e-05,-0.05284889977210824,226.3518377239396,8
257,3840,298,545,2320,hotel_market,257,0.07760416666666667,8.134902658053322e-05,6.917273231067694e-05,-0.0062977333389227785,24.18329602146347,8
258,2348,248,567,1563,hotel_market,258,0.10562180579216354,8.463284049754557e-05,4.2296243610799335e-05,0.021719905786574095,-50.998338786875976,8
259,1731,157,299,1073,hotel_market,259,0.09069901790872328,4.4630016417576945e-05,3.1181770736922335e-05,0.006797117903133837,-11.765811090324672,8
260,467,61,124,296,hotel_market,260,0.13062098501070663,1.8508769350433248e-05,8.41241301799118e-06,0.04671908500511718,-21.817812697389723,8
261,277,24,66,134,hotel_market,261,0.08664259927797834,9.85144175103705e-06,4.989803867202477e-06,0.0027406992723888884,-0.7591736984517221,8
262,16251,1490,2678,10181,hotel_market,262,0.09168666543597317,0.00039972971226177607,0.0002927411647866695,0.007784765430383728,-126.51022300916595,126
263,1678,107,365,925,hotel_market,263,0.06376638855780692,5.448145816861399e-05,3.0227042921176013e-05,-0.020135511447782528,33.78738820937908,126
264,38706,1970,3968,21583,hotel_market,264,0.050896501834340926,0.0005922806192138639,0.0006972395252127764,-0.03300539817124852,1277.5069416163453,126
265,2640,206,807,1597,hotel_market,265,0.07803030303030303,0.0001204562650467712,4.755625346359039e-05,-0.005871596975286414,15.501016014756132,126
266,19002,677,2258,10503,hotel_market,266,0.03562782864961583,0.0003370387193006312,0.0003422969425436154,-0.04827407135597362,917.3039039062107,126
267,3317,174,1184,2048,hotel_market,267,0.05245703949351824,0.0001767288944428465,5.9751550279821714e-05,-0.03144486051207121,104.30260231854021,7
268,7939,955,1949,5245,hotel_market,268,0.12029222824033253,0.00029091606019350324,0.00014301102130585006,0.036390328234743086,-288.90281585562536,21
269,3989,408,798,2534,hotel_market,269,0.10228127350213086,0.00011911288662617525,7.185677843419018e-05,0.01837937349654141,-73.31532087770368,21
270,978,133,207,706,hotel_market,270,0.1359918200408998,3.089770367370711e-05,1.7617430260375533e-05,0.05208992003531035,-50.94394179453352,79
271,959,115,238,658,hotel_market,271,0.11991657977059438,3.5524896011315423e-05,1.7275169345296663e-05,0.03601467976500493,-34.53807789463973,79
272,821,81,226,550,hotel_market,272,0.09866017052375152,3.3733724783854146e-05,1.478927427788171e-05,0.014758270518162073,-12.116540095411061,11
273,3232,239,670,2009,hotel_market,273,0.0739480198019802,0.00010000706019992158,5.822038302815309e-05,-0.009953880203609253,32.170940818065105,11
274,923,63,234,622,hotel_market,274,0.06825568797399784,3.4927838935495e-05,1.6626674979884065e-05,-0.01564621203159161,14.441453705159057,104
275,338564,18080,35536,202379,hotel_market,275,0.053402015571649676,0.005304255061588676,0.006098801286987507,-0.03049988443393977,10326.162873492385,68
276,9631,980,1655,6258,hotel_market,276,0.1017547502855363,0.0002470323651207018,0.00017349025648024207,0.017852850279946847,-171.94080104616808,135
277,27592,1651,4065,17069,hotel_market,277,0.059836184401275735,0.0006067592533025093,0.0004970349036240099,-0.02406571560431371,664.021224954224,135
278,106323,7478,12654,64674,hotel_market,278,0.07033285366289514,0.0018887900593579218,0.0019152740670489853,-0.013569046342694305,1442.7017142942866,135
279,224,36,81,142,hotel_market,279,0.16071428571428573,1.2090405785363654e-05,4.0350760514561545e-06,0.07681238570869628,-17.205974398747966,68
280,2422,320,463,1605,hotel_market,280,0.13212221304706853,6.910935652621447e-05,4.362925980636967e-05,0.048220313041479085,-116.78959818646234,68
281,5304,646,1283,3571,hotel_market,281,0.12179487179487179,0.00019150605706940205,9.554483650412251e-05,0.037892971789282345,-200.98432237035357,135
282,213,32,63,146,hotel_market,282,0.15023474178403756,9.40364894417173e-06,3.836924995357861e-06,0.06633284177844812,-14.128895298809448,68
283,602,52,180,383,hotel_market,283,0.08637873754152824,2.686756841191923e-05,1.0844266888288415e-05,0.002476837535938789,-1.491056196635151,68
284,2144,252,499,1485,hotel_market,284,0.11753731343283583,7.44828702085983e-05,3.862144220679462e-05,0.03363541342724638,-72.11432638801624,68
285,1016,113,231,648,hotel_market,285,0.11122047244094488,3.448004612862968e-05,1.830195209053327e-05,0.02731857243535543,-27.75566959432112,68
286,1283,124,377,824,hotel_market,286,0.09664848012470771,5.6272629396075276e-05,2.311161863401003e-05,0.012746580119118264,-16.353862292828733,68
287,11912,1056,1981,7673,hotel_market,287,0.08865010073875083,0.0002956925168000666,0.00021457958002207907,0.004748200733161387,-56.56056713341844,159
288,3721,269,666,2372,hotel_market,288,0.07229239451760279,9.941000312410116e-05,6.702909815834086e-05,-0.011609505487986657,43.19896992079835,68
289,1961,271,496,1312,hotel_market,289,0.13819479857215705,7.403507740173299e-05,3.5324929182613924e-05,0.054292898566567604,-106.46837408903907,68
290,8881,466,3340,5271,hotel_market,290,0.05247156851705889,0.0004985426583100568,0.00015997995720081298,-0.031430331488530555,279.13277394963984,68
291,601,77,186,398,hotel_market,291,0.1281198003327787,2.776315402564987e-05,1.0826253155915843e-05,0.04421790032718925,-26.574958096640742,68
292,8547,898,1509,5533,hotel_market,292,0.10506610506610507,0.0002252397818532562,0.0001539633705883739,0.021164205060515626,-180.89046065222706,68
293,7504,694,1260,4754,hotel_market,293,0.09248400852878465,0.0001880729788834346,0.00013517504772378116,0.0085821085231952,-64.40014235805678,68
294,3892,439,904,2650,hotel_market,294,0.11279547790339157,0.00013493489913541659,7.010944639405069e-05,0.028893577897802128,-112.45380517824589,135
295,674,52,168,384,hotel_market,295,0.0771513353115727,2.5076397184457946e-05,1.2141255619113608e-05,-0.006750564694016747,4.549880603767288,68
296,4326,394,1021,2822,hotel_market,296,0.09107720758206195,0.00015239881860316408,7.792740624374698e-05,0.0071753075764725005,-31.040380575820038,68
297,636,59,164,422,hotel_market,297,0.09276729559748427,2.447934010863752e-05,1.1456733788955867e-05,0.008865395591894823,-5.638391596445107,155
298,2502,68,436,1354,hotel_market,298,0.02717825739408473,6.507922126442657e-05,4.507035839617544e-05,-0.05672364261150471,141.9225538139848,208
299,10076,625,1800,6334,hotel_market,299,0.06202858277094085,0.0002686756841191923,0.00018150636738603667,-0.021873317234648595,220.39554445631924,22
300,15650,997,2235,9690,hotel_market,300,0.06370607028753994,0.00033360564111466375,0.00028191491163075366,-0.020195829718049507,316.0647350874748,22
301,13987,409,1868,8028,hotel_market,301,0.029241438478587258,0.00027882565440813956,0.0002519580746951662,-0.054660461527002185,764.5358753781795,22
302,5185,305,943,3343,hotel_market,302,0.058823529411764705,0.00014075620562466575,9.340120235178643e-05,-0.025078370593824742,130.03135152898128,22
303,12031,1145,2069,7555,hotel_market,303,0.0951708087440778,0.000308827772468116,0.00021672321417441515,0.011268908738488348,-135.5762410327533,70
304,8308,825,1624,5461,hotel_market,304,0.09930187770823302,0.0002424051727830935,0.00014965808855132916,0.015399977702643577,-127.94301475356284,31
305,11112,873,1823,7207,hotel_market,305,0.07856371490280778,0.00027210876230515977,0.00020016859412402138,-0.005338185102781667,59.317912862109885,31
306,12842,760,2008,7999,hotel_market,306,0.05918081295748326,0.00029972265206185453,0.00023133235112857115,-0.02472108704810619,317.4681998717797,70
307,8666,831,1641,5661,hotel_market,307,0.0958919916916686,0.0002449426653553303,0.00015610700474070997,0.011990091686079146,-103.90613455156188,70
308,8974,865,1780,5813,hotel_market,308,0.09638956986850902,0.00026569039874009017,0.00016165523431146218,0.012487669862919576,-112.06434934984027,70
309,14873,1334,2408,9920,hotel_market,309,0.08969273179587171,0.00035942835964389725,0.0002679182415772651,0.0057908317902822665,-86.12704121686815,70
310,8688,930,1525,5978,hotel_market,310,0.10704419889502763,0.00022762801015653792,0.00015650330685290656,0.02314229888943818,-201.0602927514389,70
311,5385,610,916,3563,hotel_market,311,0.11327762302692665,0.00013672607036287787,9.700394882630086e-05,0.029375723021337202,-158.18826846990083,70
312,14867,1234,2603,9534,hotel_market,312,0.08300262325956817,0.0003885348920901431,0.00026781015918302966,-0.0008992767460212769,13.369547383098324,70
313,150559,6891,16284,82985,hotel_market,313,0.045769432581247216,0.0024306193556649595,0.0027121295322820854,-0.03813246742434223,5741.186162941542,170
314,4452,137,773,2420,hotel_market,314,0.03077268643306379,0.00011538127990229759,8.019713652269107e-05,-0.05312921357252566,236.53125882488425,116
315,559,34,157,394,hotel_market,315,0.06082289803220036,2.343449022595177e-05,1.0069676396267814e-05,-0.023079001973389086,12.901162103124499,117
316,607,34,125,350,hotel_market,316,0.05601317957166392,1.8658033619388354e-05,1.0934335550151276e-05,-0.027888720433925526,16.928453303392793,182
317,199,5,69,124,hotel_market,317,0.02512562814070352,1.0299234557902372e-05,3.5847327421418515e-06,-0.05877627186488593,11.6964781011123,141
318,98,2,56,68,hotel_market,318,0.02040816326530612,8.358799061485982e-06,1.7653457725120675e-06,-0.06349373674028333,6.222386200547766,195
319,1039,152,215,708,hotel_market,319,0.14629451395572665,3.209181782534797e-05,1.871626793510243e-05,0.062392613950137205,-64.82592589419255,8
320,268,11,71,172,hotel_market,320,0.041044776119402986,1.0597763095812585e-05,4.827680275849328e-06,-0.04285712388618646,11.485709201497972,16
321,2874,176,692,1846,hotel_market,321,0.061238691718858734,0.00010329087411693393,5.1771466838772266e-05,-0.022663208286730713,65.13406061606406,104
322,372,9,122,210,hotel_market,322,0.024193548387096774,1.8210240812523033e-05,6.701108442596828e-06,-0.059708351618492674,22.211506802079274,104
323,646,22,172,398,hotel_market,323,0.034055727554179564,2.5673454260278376e-05,1.1636871112681589e-05,-0.04984617245140988,32.20062740361078,104
324,329,10,65,186,hotel_market,324,0.030395136778115502,9.702177482081945e-06,5.926517950576227e-06,-0.05350676322747394,17.603725101838926,104
325,791,56,191,553,hotel_market,325,0.07079646017699115,2.8509475370425404e-05,1.4248862306704546e-05,-0.013105439828598298,10.366402904421253,104
326,2678,138,662,1604,hotel_market,326,0.05153099327856609,9.881294604828072e-05,4.824077529374813e-05,-0.032370906727023356,86.68928821496854,104
327,500,14,144,293,hotel_market,327,0.028,2.1494054729535385e-05,9.00686618628606e-06,-0.05590190000558945,27.950950002794723,104
328,4617,161,687,2791,hotel_market,328,0.0348711284383799,0.0001025445527721584,8.316940236416547e-05,-0.049030771567209544,226.37507232580646,82
329,15053,733,1990,8901,hotel_market,329,0.04869461236962732,0.0002970358952206626,0.00027116071340432807,-0.03520728763596213,529.9753007841379,82
330,8041,512,1757,4737,hotel_market,330,0.06367367242880238,0.0002622573205541227,0.0001448484220078524,-0.020228227576787064,162.65517794494477,106
331,41620,2150,4502,22857,hotel_market,331,0.05165785679961557,0.000671987738835891,0.0007497315413464515,-0.03224404320597388,1341.9970782326327,106
332,13081,802,1894,7537,hotel_market,332,0.061310297377876306,0.0002827065254009723,0.00023563763316561588,-0.02259160262771314,295.5207539731156,106
333,3748,228,657,2247,hotel_market,333,0.060832443970117396,9.806662470350519e-05,6.75154689324003e-05,-0.02306945603547205,86.46432122094924,106
334,237,20,55,157,hotel_market,334,0.08438818565400844,8.209534792530876e-06,4.269254572299592e-06,0.00048628564841898814,-0.11524969867530019,141
335,3396,162,534,2140,hotel_market,335,0.04770318021201413,7.970711962202705e-05,6.117463513725492e-05,-0.036198719793575314,122.93085241898177,141
336,2538,136,434,1584,hotel_market,336,0.05358550039401103,6.478069272651637e-05,4.5718852761588034e-05,-0.030316399611578414,76.94302221418602,162
337,446,39,175,302,hotel_market,337,0.08744394618834081,2.6121247067143694e-05,8.034124638167164e-06,0.0035420461827513627,-1.5797525975071078,162
338,1002,64,198,600,hotel_market,338,0.06387225548902195,2.9554325253111152e-05,1.804975983731726e-05,-0.020029644516567496,20.069703805600632,162
339,1770,150,382,1161,hotel_market,339,0.0847457627118644,5.701895074085081e-05,3.188430629945265e-05,0.000843862706274956,-1.4936369901066722,34
340,4840,511,978,3243,hotel_market,340,0.10557851239669422,0.00014598045503809448,8.718646468324905e-05,0.02167661239110477,-104.9148039729471,34
341,3201,336,558,2097,hotel_market,341,0.1049671977507029,8.328946207694961e-05,5.766195732460335e-05,0.021065297745113454,-67.43001808210816,34
342,192,14,69,120,hotel_market,342,0.07291666666666667,1.0299234557902372e-05,3.4586366155338465e-06,-0.010985233338922776,2.109164801073173,34
343,1276,136,293,890,hotel_market,343,0.10658307210031348,4.37344308038463e-05,2.298552250740202e-05,0.022681172094724034,-28.941175592867868,34
344,418,53,110,268,hotel_market,344,0.12679425837320574,1.6419069585061752e-05,7.529740131735145e-06,0.04289235836761629,-17.92900579766361,34
345,773,101,163,561,hotel_market,345,0.13065976714100905,2.4330075839682413e-05,1.3924615123998247e-05,0.0467578671354196,-36.14383129567935,34
346,2062,199,442,1373,hotel_market,346,0.0965082444228904,6.597480687815721e-05,3.714431615224371e-05,0.01260634441730095,-25.994282188474557,34
347,184,25,63,124,hotel_market,347,0.1358695652173913,9.40364894417173e-06,3.31452675655327e-06,0.05196766521180185,-9.56205039897154,34
348,3994,520,743,2724,hotel_market,348,0.13019529293940912,0.00011090335183364438,7.194684709605304e-05,0.04629339293381968,-184.89581137767578,34
349,729,53,145,452,hotel_market,349,0.07270233196159122,2.164331899849049e-05,1.3132010899605073e-05,-0.011199568043998229,8.164485104074709,99
350,247342,21708,31744,154922,hotel_market,350,0.08776511874246994,0.004738244953710911,0.004455552592496733,0.0038632187368804888,-955.5362488174939,50
351,15895,1196,3882,10119,hotel_market,351,0.075243787354514,0.0005794438920837247,0.00028632827606203383,-0.008658112651075453,137.62070058884433,50
352,18917,1571,3764,12000,hotel_market,352,0.08304699476661204,0.0005618307083470221,0.0003407657752919468,-0.0008549052389774103,16.17224240573567,50
353,6480,675,1444,4178,hotel_market,353,0.10416666666666667,0.00021553760437117427,0.00011672898577426732,0.020264766661077224,-131.31568796378042,50
354,14279,1085,5057,9159,hotel_market,354,0.07598571328524406,0.0007548294081059753,0.00025721808454795726,-0.007916186720345386,113.03523017981176,50
355,108708,6441,15225,68123,hotel_market,355,0.05925046914670493,0.0022725484948415016,0.00195823681875757,-0.024651430858884514,2679.8077458076177,50
356,11919,889,2991,7608,hotel_market,356,0.07458679419414381,0.00044644942844472454,0.00021470567614868707,-0.009315105811445637,111.02674616662054,50
357,75674,3522,13020,47616,hotel_market,357,0.04654174485292174,0.001943420781795491,0.0013631711835620224,-0.037360155152667704,2827.192381022976,50
358,64688,5034,15177,40704,hotel_market,358,0.07781968835023498,0.002265383809931656,0.0011652723197169452,-0.006082211655354469,393.4461075615699,50
359,3248,295,1088,2198,hotel_market,359,0.09082512315270935,0.00016239952462315623,5.850860274611424e-05,0.006923223147119906,-22.486628781845454,50
360,63216,6770,10138,41151,hotel_market,360,0.10709314097696786,0.001513241158666873,0.0011387561056645191,0.02319124097137841,-1466.0574892466575,50
361,48012,3531,8560,30705,hotel_market,361,0.07354411397150712,0.0012777021422557145,0.0008648753186719326,-0.010357786034082328,497.29802306836075,50
362,4602,359,1191,2899,hotel_market,362,0.07800956106040852,0.00017777374432553225,8.289919637857689e-05,-0.0058923389451809305,27.11654382572264,50
363,36056,2715,7740,22921,hotel_market,363,0.07529953405813179,0.001155305441712527,0.0006495031344254603,-0.008602365947457655,310.1669066015332,50
364,57732,3190,9677,35990,hotel_market,364,0.05525531767477309,0.0014444303306785687,0.0010399687973333335,-0.028646582330816357,1653.82449112269,50
365,1071989,69578,110562,673220,hotel_market,365,0.06490551675436967,0.01650295610421452,0.019310522952341213,-0.018996383251219773,20363.91388509183,50
366,557016,28004,56434,324667,hotel_market,366,0.05027503698277967,0.008423579754212498,0.01003393715124063,-0.033626863022809775,18730.70073351341,50
367,181313,8097,22180,110534,hotel_market,367,0.044657581089055945,0.0033106814854242696,0.0032661238576681684,-0.0392443189165335,7115.505195713439,50
368,696078,33981,70483,419837,hotel_market,368,0.04881780490117487,0.010520593468762794,0.012538962802435254,-0.03508409510441458,24421.26675209069,50
369,123904,8178,19958,78449,hotel_market,369,0.0660027117768595,0.0029790162798060222,0.0022319734958911757,-0.017899188228729948,2217.7810182925555,50
370,146237,9009,15641,93215,hotel_market,370,0.06160547604231487,0.002334642430726826,0.0026342741809678286,-0.022296423963274574,3260.562151117384,198
371,106693,12321,13771,71771,hotel_market,371,0.11548086566128987,0.002055518247780776,0.001921939148026837,0.031578965655700425,-3369.2545827036456,198
372,7519,678,1505,4856,hotel_market,372,0.09017156536773507,0.0002246427247774358,0.00013544525370936974,0.006269665362145627,-47.14161385797296,198
373,6,0,6,6,hotel_market,373,0.0,8.955856137306409e-07,1.080823942354327e-07,-0.08390190000558945,0.5034114000335367,198
374,83502,9456,9764,56015,hotel_market,374,0.11324279657972264,0.0014574163220776632,0.001504182680574517,0.02934089657413319,-2450.0235457332697,198
375,4259,617,850,2818,hotel_market,375,0.1448696877201221,0.0001268746286118408,7.672048617478465e-05,0.06096778771453265,-259.6618078761946,198
376,33314,3461,4889,21406,hotel_market,376,0.10389025634868224,0.0007297530109215172,0.0006001094802598675,0.01998835634309279,-665.8921032137931,198
377,34966,2545,5269,22638,hotel_market,377,0.07278499113424469,0.0007864734331244578,0.0006298681661393567,-0.011116908871344755,388.7138355954407,198
378,21305,2019,3116,13746,hotel_market,378,0.09476648674020183,0.00046510746206411286,0.00038378256819764897,0.01086458673461238,-231.47002038091676,198
379,15812,1768,2729,10348,hotel_market,379,0.1118138122944599,0.00040734218997848655,0.00028483313627511035,0.027911912288870452,-441.3431571116196,198
380,16364,1930,2384,10951,hotel_market,380,0.117941823515033,0.0003558460171889747,0.00029477671654477014,0.034039923509443556,-557.0293083085344,198
381,15242,1432,3374,9369,hotel_market,381,0.09395092507544942,0.0005036176434545305,0.00027456530882274423,0.010049025069859968,-153.16724011480562,198
382,8851,1049,1538,5846,hotel_market,382,0.11851768161789629,0.0002295684456529543,0.00015943954522963582,0.03461578161230684,-306.38428305052787,198
383,24450,983,3331,14680,hotel_market,383,0.04020449897750511,0.0004971992798894608,0.00044043575650938826,-0.04369740102808434,1068.401455136662,198
384,243602,16794,27420,150142,hotel_market,384,0.06894032068702227,0.004092826254749029,0.004388181233423313,-0.014961579318567175,3644.670645161601,198
385,16526,851,4742,10706,hotel_market,385,0.05149461454677478,0.0007078111633851166,0.00029769494118912684,-0.03240728545881467,535.5627994923713,198
386,3046,366,507,2127,hotel_market,386,0.12015758371634931,7.567698436023917e-05,5.486982880685467e-05,0.036255683710759865,-110.43481258297454,198
387,43920,3752,6548,28218,hotel_market,387,0.08542805100182149,0.0009773824331180394,0.0007911631258033674,0.0015261509962320452,-67.02855175451143,198
388,3143,545,655,2178,hotel_market,388,0.1734012090359529,9.776809616559498e-05,5.661716084699417e-05,0.08949930903036346,-281.29632828243234,198
389,602,36,221,379,hotel_market,389,0.059800664451827246,3.298740343907861e-05,1.0844266888288415e-05,-0.0241012355537622,14.508943803364845,198
390,74499,7124,10367,48331,hotel_market,390,0.09562544463684076,0.0015474226762575926,0.0013420050480242502,0.011723544631251318,-873.3923514835919,198
391,86715,5336,11094,53583,hotel_market,391,0.06153491322147264,0.0016559377997879552,0.0015620608026875912,-0.022366986784116805,1939.5532589846887,198
392,15959,1978,2479,10940,hotel_market,392,0.12394260291998245,0.00037002612273970986,0.0002874811549338784,0.040040702914393,-639.009577810798,198
393,17594,2206,2643,11828,hotel_market,393,0.12538365351824485,0.00039450546284834734,0.00031693360736303387,0.0414817535126554,-729.8299713016592,198
394,8829,923,1563,5634,hotel_market,394,0.10454185071922074,0.000233300052376832,0.00015904324311743923,0.020639950713631297,-182.23012485065072,198
395,6466,775,907,4309,hotel_market,395,0.11985771729044231,0.0001353826919422819,0.00011647679352105132,0.035955817284852865,-232.49031456385862,198
396,4669,683,805,3088,hotel_market,396,0.1462840008567145,0.000120157736508861,8.410611644753922e-05,0.062382100851125055,-291.26202887390286,198
397,358741,28216,38103,232448,hotel_market,397,0.07865284425253874,0.005687416439996436,0.006462264365068894,-0.005249055753050708,1883.0515099051638,198
398,10344,1277,2074,6959,hotel_market,398,0.12345320959010055,0.00030957409381289155,0.000186334047661886,0.0395513095845111,-409.1187463421828,198
399,349016,25085,36696,218190,hotel_market,399,0.07187349577096752,0.0054774016135766,0.00628708081774563,-0.012028404234621926,4198.105532350806,198
400,20573,2048,5329,13743,hotel_market,400,0.09954795119817236,0.0007954292892617643,0.0003705965161009262,0.015646051192582916,-321.88621118500834,198
401,84394,5544,10301,51675,hotel_market,401,0.06569187382989312,0.0015375712345065554,0.0015202509298508514,-0.018210026175696323,1536.8169490717155,198
402,79899,3752,9493,48006,hotel_market,402,0.04695928609869961,0.0014169657051908292,0.0014392792028361397,-0.03694261390688984,2951.6779085465914,198
403,10957,1369,1984,7197,hotel_market,403,0.1249429588390983,0.00029614030960693196,0.0001973764656062727,0.04104105883350885,-449.68688163875646,198
404,24078,3041,3452,16585,hotel_market,404,0.12629786527120193,0.0005152602564330288,0.00043373464806679144,0.042395965265612484,-1020.8100516654174,198
405,47307,1329,8802,24288,hotel_market,405,0.02809309404527871,0.0013138240953428503,0.0008521756373492692,-0.05580880596031074,2640.14718356442,174
406,186471,18531,27775,120330,hotel_market,406,0.0993773830783339,0.004145815070228092,0.0033590386892458956,0.015475483072744448,-2885.72880405773,50
407,22557,2155,4247,14579,hotel_market,407,0.0955357538679789,0.0006339253502523387,0.0004063357611281093,0.011633853862389451,-262.42484157391885,50
408,7734,601,1738,4831,hotel_market,408,0.07770881820532713,0.00025942129944397566,0.00013931820616947275,-0.006193081800262318,47.89729464322877,50
409,197502,20154,26491,128850,hotel_market,409,0.10204453625786068,0.0039541597488897354,0.0035577481710477384,0.018142636252271235,-3583.2069450960735,50
410,5896,481,1229,3611,hotel_market,410,0.08158073270013569,0.0001834457865458263,0.00010620896606868521,-0.0023211673054537585,13.68560243295536,50
411,330742,16056,40441,190113,hotel_market,411,0.048545391876447505,0.006036396300813475,0.005957897872369247,-0.03535650812914194,11693.882211648664,50
412,213684,13500,22527,129595,hotel_market,412,0.06317740214522378,0.0033624761867516915,0.0038492463883007004,-0.020724497860365662,4428.493600794376,50
413,19221,758,3158,10872,hotel_market,413,0.03943603350502055,0.00047137656136022737,0.0003462419499332087,-0.0444658665005689,854.6784200074349,50
414,87698,8227,12758,55678,hotel_market,414,0.09381057720814613,0.001904313543329253,0.0015797683016098296,0.009908677202556684,-868.9711733098161,50
415,5597,392,1228,3374,hotel_market,415,0.0700375201000536,0.0001832965222768712,0.00010082286008928615,-0.01386437990553585,77.59893433128416,50
416,5068,601,834,3302,hotel_market,416,0.11858721389108129,0.0001244864003085591,9.12935956641955e-05,0.03468531388549184,-175.78517077167265,50
417,11274,1414,2550,7337,hotel_market,417,0.12542132339897108,0.0003806238858355224,0.00020308681876837805,0.04151942339338163,-468.0899793369845,50
418,1492,149,490,989,hotel_market,418,0.09986595174262734,7.313949178800235e-05,2.68764886998776e-05,0.015964051737037896,-23.81836519166054,50
419,1126,150,226,702,hotel_market,419,0.13321492007104796,3.3733724783854146e-05,2.0283462651516204e-05,0.04931302006545851,-55.52646059370628,50
420,23855,2684,4363,15749,hotel_market,420,0.11251309997904003,0.0006512400054511311,0.00042971758574770786,0.028611199973450588,-682.5201753666638,50
421,1867,253,390,1250,hotel_market,421,0.13551151580074985,5.821306489249166e-05,3.3631638339592147e-05,0.05160961579516041,-96.35515268956448,50
422,7207,828,1555,4566,hotel_market,422,0.11488830303871236,0.00023210593822519112,0.00012982496920912724,0.030986403033122917,-223.31900665971685,50
423,13306,1565,2223,8765,hotel_market,423,0.11761611303171501,0.0003318144698872025,0.00023969072294944462,0.03371421302612557,-448.60131852562677,50
424,3974,531,705,2601,hotel_market,424,0.13361852038248617,0.00010523130961335032,7.15865724486016e-05,0.049716620376896725,-197.57384937778758,50
425,9768,1002,2033,6276,hotel_market,425,0.10257985257985258,0.0003034542587857322,0.00017595813781528445,0.018677952574263135,-182.4462407454023,50
426,6480,877,1387,4316,hotel_market,426,0.13533950617283952,0.00020702954104073317,0.00011672898577426732,0.05143760616725007,-333.3156879637805,50
427,44948,3082,7297,28271,hotel_market,427,0.06856812316454569,0.0010891813705654146,0.0008096812426823715,-0.015333776841043756,689.2226014512347,50
428,5416,715,1066,3652,hotel_market,428,0.1320162481536189,0.00015911571070614388,9.756237452985059e-05,0.04811434814802945,-260.5873095697275,50
429,4013,446,1347,2627,hotel_market,429,0.11113879890356342,0.0002010589702825289,7.228910801113191e-05,0.02723689889797397,-109.30167527756953,50
430,3398,426,674,2228,hotel_market,430,0.1253678634490877,0.000100604117275742,6.121066260200006e-05,0.04146596344349826,-140.90134378100709,50
431,9305,960,1505,5892,hotel_market,431,0.1031703385276733,0.0002246427247774358,0.00016761777972678355,0.019268438522083847,-179.2928204479902,50
432,12454,738,2423,7552,hotel_market,432,0.059258069696483055,0.00036166732367822385,0.00022434302296801316,-0.024643830309106392,306.914262669611,50
433,3927,525,807,2573,hotel_market,433,0.13368983957219252,0.0001204562650467712,7.073992702709071e-05,0.04978793956660307,-195.51723867805026,50
434,3493,386,729,2131,hotel_market,434,0.11050672774119667,0.00010881365206827287,6.292196717739441e-05,0.026604827735607225,-92.93066328047604,50
435,11486,1194,2282,7488,hotel_market,435,0.10395263799407975,0.0003406210617555538,0.00020690573003136336,0.020050737988490303,-230.3027765357996,50
436,3811,307,1019,2317,hotel_market,436,0.08055628443977958,0.00015210029006525386,6.865033407187234e-05,-0.0033456155658098674,12.750140921301405,50
437,5285,634,1061,3418,hotel_market,437,0.11996215704824977,0.00015836938936136834,9.520257558904365e-05,0.03606025704266032,-190.5784584704598,50
438,21309,2398,3770,13731,hotel_market,438,0.1125346097892909,0.0005627262939607527,0.0003838546231271393,0.028632709783701457,-610.1344127808943,50
439,6182,804,1056,4183,hotel_market,439,0.1300549983824005,0.0001576230680165928,0.00011136089352724084,0.04615309837681106,-285.318454165446,50
440,5439,678,1073,3520,hotel_market,440,0.12465526751241036,0.00016016056058882963,9.797669037441975e-05,0.04075336750682092,-221.65756586959898,50
441,4604,565,899,2962,hotel_market,441,0.12271937445699392,0.00013418857779064105,8.293522384332203e-05,0.038817474451404474,-178.7156523742662,50
442,7255,623,1371,4651,hotel_market,442,0.08587181254307374,0.00020464131273745148,0.0001306896283630107,0.0019699125374842974,-14.291715459448577,50
443,3702,464,760,2393,hotel_market,443,0.12533765532144786,0.0001134408444058812,6.668683724326198e-05,0.041435755315858414,-153.39516617930784,50
444,12495,1585,2486,8498,hotel_market,444,0.12685074029611845,0.0003710709726223956,0.0002250815859952886,0.042948840290529006,-536.64575943016,50
445,1642,141,388,1037,hotel_market,445,0.08587088915956151,5.791453635458145e-05,2.957854855576342e-05,0.0019689891539720616,-3.2330801908221254,50
446,3070,387,656,1991,hotel_market,446,0.1260586319218241,9.791736043455008e-05,5.53021583837964e-05,0.04215673191623465,-129.42116698284036,50
447,57519,4853,8973,36285,hotel_market,447,0.08437212051669883,0.0013393482853341736,0.0010361318723379758,0.00047022051110938434,-27.04661357850068,50
448,11979,343,2735,6737,hotel_market,448,0.028633441856582353,0.0004082377755922172,0.0002157865000910414,-0.05526845814900709,662.060860166956,50
449,4961,713,966,3384,hotel_market,449,0.14372102398709938,0.0001441892838106332,8.936612630033027e-05,0.05981912398150993,-296.7626740722708,50
450,16537,1782,3540,10738,hotel_market,450,0.10775836004111991,0.0005283955121010782,0.0002978930922452251,0.023856460035530463,-394.5142796075673,50
451,8992,1192,1546,5998,hotel_market,451,0.13256227758007116,0.00023076255980459517,0.00016197948149416849,0.04866037757448172,-437.5541151497396,50
452,15493,1690,2888,10032,hotel_market,452,0.10908152068676176,0.00043107520874234855,0.00027908675564825984,0.025179620681172313,-390.10786321340265,50
453,22323,1979,3713,13795,hotel_market,453,0.08865295883169824,0.0005542182306303117,0.0004021205477529274,0.004751058826108795,-106.05788617522663,50
454,8480,672,1761,5312,hotel_market,454,0.07924528301886792,0.00026285437762994313,0.00015275645051941156,-0.004656616986721526,39.488112047398545,50
455,21979,2266,3234,14060,hotel_market,455,0.10309841212066063,0.0004827206458008155,0.0003959238238167626,0.019196512115071188,-421.92013977714964,50
456,5029,531,782,3075,hotel_market,456,0.10558759196659376,0.00011672465832289354,9.059106010166518e-05,0.02168569196100431,-109.05734487189068,50
457,1649,201,370,1018,hotel_market,457,0.12189205579138872,5.5227779513389525e-05,2.9704644682371423e-05,0.03799015578579927,-62.645766890782994,50
458,5798,790,1471,3764,hotel_market,458,0.13625388064849947,0.00021956773963296216,0.00010444362029617314,0.05235198064291002,-303.53678376759234,50
459,573,85,149,399,hotel_market,459,0.14834205933682373,2.2240376074310918e-05,1.0321868649483823e-05,0.06444015933123429,-36.924211296797246,50
460,1831,191,456,1171,hotel_market,460,0.10431458219552157,6.806450664352872e-05,3.298314397417955e-05,0.020412682189932127,-37.37562108976572,50
461,1881,256,408,1219,hotel_market,461,0.13609782030834663,6.089982173368359e-05,3.3883830592808156e-05,0.05219592030275719,-98.18052608948626,50
462,3545,488,795,2425,hotel_market,462,0.1376586741889986,0.00011866509381930994,6.385868126076816e-05,0.053756774183409156,-190.56776448018545,50
463,13858,1619,2533,9043,hotel_market,463,0.11682782508298456,0.0003780863932632856,0.00024963430321910444,0.03292592507739511,-456.28746972254146,50
464,4756,461,1192,3112,hotel_market,464,0.09693019343986543,0.00017792300859448734,8.5673311163953e-05,0.013028293434275987,-61.962563573416595,50
465,1339,158,337,837,hotel_market,465,0.1179985063480209,5.0302058637871e-05,2.4120387646874066e-05,0.03409660634243146,-45.65535589251572,50
466,19827,2364,3498,13323,hotel_market,466,0.11923135118777425,0.0005221264128049636,0.0003571582717509874,0.03532945118218481,-700.4770285891782,50
467,3233,153,693,1823,hotel_market,467,0.04732446643983916,0.00010344013838588904,5.823839676052566e-05,-0.036577433565750286,118.25484271807068,50
468,1564,209,318,989,hotel_market,468,0.1336317135549872,4.746603752772397e-05,2.8173477430702794e-05,0.04972981354939776,-77.7774283912581,50
469,3457,325,719,2201,hotel_market,469,0.09401214926236622,0.00010732100937872181,6.227347281198182e-05,0.010110249256776768,-34.951131680677285,50
470,4134,372,945,2735,hotel_market,470,0.0899854862119013,0.00014105473416257594,7.446876962821314e-05,0.006083586206311858,-25.149545376893222,50
471,3115,411,687,2142,hotel_market,471,0.1319422150882825,0.0001025445527721584,5.611277634056215e-05,0.04804031508269305,-149.64558148258885,50
472,1319,214,297,880,hotel_market,472,0.16224412433661864,4.4331487879666726e-05,2.3760112999422624e-05,0.07834222433102919,-103.3333938926275,50
473,2789,143,577,1760,hotel_market,473,0.0512728576550735,8.612548318709664e-05,5.024029958710364e-05,-0.03262904235051595,91.00239911558897,50
474,3589,467,635,2358,hotel_market,474,0.13011981053218166,9.478281078649284e-05,6.465128548516134e-05,0.046217910526592215,-165.87608087993945,50
475,9894,1000,2326,6280,hotel_market,475,0.10107135637760259,0.0003471886895895785,0.00017822786809422854,0.017169456372013142,-169.87460134469802,50
476,14328,1422,2050,9375,hotel_market,476,0.0992462311557789,0.000305991751357969,0.0002581007574342133,0.015344331150189447,-219.8535767199144,50
477,2700,424,623,1892,hotel_market,477,0.15703703703703703,9.299163955903155e-05,4.863707740594472e-05,0.07313513703144758,-197.4648699849085,50
478,11032,1703,1967,7513,hotel_market,478,0.1543691080493111,0.0002936028170346951,0.0001987274955342156,0.07046720804372164,-777.3942391383372,50
479,2207,317,521,1476,hotel_market,479,0.14363389216130493,7.776668412561065e-05,3.9756307346266666e-05,0.05973199215571548,-131.82850668766406,50
480,9950,1210,1952,6724,hotel_market,480,0.12160804020100502,0.0002913638530003685,0.00017923663710709258,0.03770614019541557,-375.17609494438494,50
481,10302,1185,2294,6467,hotel_market,481,0.11502620850320326,0.00034241223298301504,0.00018557747090223797,0.031124308497613815,-320.6426261424175,50
482,5113,659,1011,3471,hotel_market,482,0.1288871504009388,0.00015090617591361302,9.210421362096124e-05,0.04498525039534934,-230.00958527142117,50
483,2823,409,624,1862,hotel_market,483,0.14488133191640098,9.314090382798666e-05,5.085276648777109e-05,0.06097943191081154,-172.14493628422096,50
484,738,91,150,501,hotel_market,484,0.12330623306233063,2.2389640343266024e-05,1.3294134490958223e-05,0.03940433305674118,-29.08039779587499,50
485,14122,1494,2242,9192,hotel_market,485,0.10579238068262285,0.0003346504909973495,0.00025438992856546345,0.021890480677033405,-309.1373681210658,50
486,3639,461,986,2420,hotel_market,486,0.1266831547128332,0.00014717456918973533,6.555197210378994e-05,0.042781254707243754,-155.68098587966003,50
487,6381,620,912,4075,hotel_market,487,0.0971634540040746,0.00013612901328705743,0.00011494562626938268,0.013261553998485151,-84.62197606433375,50
488,20549,2319,3519,13423,hotel_market,488,0.11285220692004477,0.000525260962453021,0.00037016418652398444,0.028950306914455326,-594.8998567851424,50
489,17129,2087,3023,11441,hotel_market,489,0.12184015412458404,0.00045122588505128793,0.0003085572218097878,0.0379382541189946,-649.8443548042585,50
490,1455,215,352,955,hotel_market,490,0.14776632302405499,5.2541022672197606e-05,2.6209980602092432e-05,0.06386442301846554,-92.92273549186736,50
491,3409,451,787,2283,hotel_market,491,0.13229686124963333,0.00011747097966766908,6.140881365809835e-05,0.04839496124404388,-164.9784228809456,50
492,2169,290,483,1440,hotel_market,492,0.13370216689718764,7.20946419053166e-05,3.9071785516108925e-05,0.049800266891598194,-108.01677888787648,50
493,21882,2875,4448,14733,hotel_market,493,0.13138652773969473,0.0006639274683123152,0.0003941764917766231,0.04748462773410528,-1039.0586240776918,50
494,2957,372,491,1858,hotel_market,494,0.1258031788975313,7.328875605695746e-05,5.3266606625695756e-05,0.04190127889194184,-123.90208168347202,50
495,3909,511,1136,2471,hotel_market,495,0.13072397032489128,0.00016956420953300136,7.041567984438441e-05,0.04682207031930183,-183.02747287815086,50
496,6407,404,1207,3902,hotel_market,496,0.06305603246449196,0.00018016197262881394,0.00011541398331106956,-0.02084586754109749,133.55947333581162,50
497,1268,201,234,815,hotel_market,497,0.15851735015772872,3.4927838935495e-05,2.2841412648421445e-05,0.07461545015213927,-94.61239079291259,50
498,14002,1645,3311,9179,hotel_market,498,0.11748321668333095,0.0004942139945103587,0.0002522282806807548,0.0335813166777415,-470.2055961217365,50
499,6556,816,1088,4204,hotel_market,499,0.12446613788895668,0.00016239952462315623,0.0001180980294345828,0.04056423788336723,-265.9391435633556,50
500,9738,1183,1896,6585,hotel_market,500,0.12148285068802629,0.00028300505393888257,0.0001754177258441073,0.037580950682436845,-365.96329774557,50
501,2616,305,753,1726,hotel_market,501,0.11659021406727829,0.00011239599452319544,4.712392388664866e-05,0.032688314061688845,-85.51262958537802,50
502,13948,1396,2484,9049,hotel_market,502,0.10008603383997705,0.0003707724440844854,0.0002512555391326359,0.016184133834387604,-225.7362987220383,50
503,48618,2921,7381,29685,hotel_market,503,0.06008062857377926,0.0011017195691576435,0.0008757916404897113,-0.02382127143181019,1158.1425744717478,50
504,2318,296,457,1495,hotel_market,504,0.1276962899050906,6.821377091248383e-05,4.175583163962217e-05,0.04379438989950116,-101.51539578704369,50
505,3391,345,821,2089,hotel_market,505,0.10173989973459156,0.0001225459648121427,6.108456647539205e-05,0.017837999729002116,-60.48865708104618,50
506,1830,249,451,1198,hotel_market,506,0.1360655737704918,6.731818529875318e-05,3.296513024180698e-05,0.05216367376490236,-95.45952298977132,50
507,2104,306,453,1441,hotel_market,507,0.14543726235741444,6.761671383666339e-05,3.790089291189174e-05,0.061535362351824996,-129.4704023882398,50
508,6603,848,1337,4343,hotel_market,508,0.12842647281538694,0.00019956632759297784,0.0001189446748560937,0.04452457280979749,-293.99575426309286,50
509,5894,463,1166,3868,hotel_market,509,0.07855446216491348,0.00017404213760165456,0.00010617293860394007,-0.00534743784067597,31.517798632944167,50
510,4762,538,1073,3056,hotel_market,510,0.1129777404451911,0.00016016056058882963,8.578139355818842e-05,0.029075840439601652,-138.45915217338307,50
511,18931,2240,3525,12442,hotel_market,511,0.11832444139242512,0.0005261565480667516,0.0003410179675451628,0.034422541386835676,-651.6531309941862,50
512,5990,744,1270,3958,hotel_market,512,0.12420701168614358,0.00018956562157298567,0.000107902256911707,0.04030511168055413,-241.42761896651925,50
513,4188,541,933,2751,hotel_market,513,0.12917860553963706,0.00013926356293511469,7.544151117633203e-05,0.04527670553404761,-189.6188427765914,50
514,8495,1064,1362,5644,hotel_market,514,0.12525014714537963,0.0002032979343168555,0.00015302665650500014,0.041348247139790184,-351.2533594525176,50
515,1911,241,464,1214,hotel_market,515,0.1261119832548404,6.925862079516956e-05,3.442424256398532e-05,0.04221008324925096,-80.6634690893186,50
516,15076,686,2581,8729,hotel_market,516,0.04550278588485009,0.0003852510781731307,0.0002715750292488973,-0.038399114120739354,578.9050444842665,50
517,6083,514,1234,3909,hotel_market,517,0.08449778070031234,0.00018419210789060182,0.0001095775340223562,0.0005958806947228973,-3.624742265999384,50
518,2796,189,544,1669,hotel_market,518,0.06759656652360516,8.119976231157811e-05,5.036639571371164e-05,-0.01630533348198429,45.58971241562808,50
519,12000,669,2327,7498,hotel_market,519,0.05575,0.0003473379538585336,0.00021616478847086542,-0.028151900005589446,337.82280006707333,50
520,19627,2154,3897,12677,hotel_market,520,0.10974677739848168,0.0005816828561180513,0.00035355552527647295,0.025844877392892235,-507.2574085902959,50
521,9629,968,1738,6169,hotel_market,521,0.10052965001557794,0.00025942129944397566,0.00017345422901549694,0.016627750009988493,-160.1086048461792,50
522,18662,1300,2913,11226,hotel_market,522,0.06966027221090987,0.0004348068154662262,0.00033617227353694085,-0.014241627794679579,265.7772579043103,50
523,7002,874,1367,4495,hotel_market,523,0.12482147957726364,0.00020404425566163104,0.00012613215407274996,0.04091957957167419,-286.5188961608627,50
524,6147,912,950,4116,hotel_market,524,0.148365056124939,0.0001418010555073515,0.00011073041289420081,0.06446315611934955,-396.25502066564167,50
525,5983,705,1068,3918,hotel_market,525,0.11783386261073041,0.0001594142392440541,0.00010777616078509899,0.03393196260514096,-203.01493226655836,50
526,1416,146,602,937,hotel_market,526,0.10310734463276836,8.985708991097431e-05,2.550744503956212e-05,0.019205444627178908,-27.194909592085335,50
527,19805,2016,3254,12866,hotel_market,527,0.10179247664731128,0.00048570593117991764,0.0003567619696387908,0.017890576641721834,-354.32287038930093,50
528,10055,1229,1741,6662,hotel_market,528,0.12222774738935853,0.000259869092250841,0.00018112807900621264,0.03832584738376908,-385.3663954437981,50
529,27103,1887,6730,16962,hotel_market,529,0.06962328893480427,0.001004548530067869,0.00048822618849382214,-0.01427861107078518,386.9931958514907,50
530,12999,1530,1861,8517,hotel_market,530,0.11770136164320333,0.00027778080452545384,0.00023416050711106497,0.03379946163761388,-439.3592018273428,50
531,3986,528,787,2638,hotel_market,531,0.13246362267937783,0.00011747097966766908,7.180273723707246e-05,0.04856172267378839,-193.56702657772053,50
532,7034,768,1250,4455,hotel_market,532,0.10918396360534546,0.00018658033619388354,0.00012670859350867228,0.025282063599756016,-177.83403536068383,50
533,25199,2929,4226,16754,hotel_market,533,0.1162347712210802,0.0006307908006042814,0.0004539280420564448,0.03233287121549075,-814.7560217591514,50
534,10634,1426,2384,6908,hotel_market,534,0.13409817566296783,0.0003558460171889747,0.0001915580300499319,0.050196275657378386,-533.7871953405618,50
535,1846,198,423,1228,hotel_market,535,0.10725893824485373,6.313878576801019e-05,3.325334995976813e-05,0.023357038239264286,-43.117092589681874,50
536,2031,254,404,1332,hotel_market,536,0.12506154603643527,6.030276465786316e-05,3.658589044869397e-05,0.04115964603084582,-83.59524108864787,50
537,1639,271,494,1090,hotel_market,537,0.16534472239170225,7.373654886382277e-05,2.95245073586457e-05,0.0814428223861128,-133.48478589083888,50
538,52268,5170,8492,33377,hotel_market,538,0.09891329302823908,0.0012675521719667671,0.0009415417636495995,0.01501139302264963,-784.6154905078508,50
539,25666,2355,4566,16921,hotel_market,539,0.09175563001636407,0.0006815406520490178,0.000462340455074436,0.00785373001077462,-201.57383445654142,50
540,3357,408,575,2153,hotel_market,540,0.12153708668453976,8.582695464918643e-05,6.04720995747246e-05,0.037635186678950314,-126.34132168123621,50
541,8030,884,1385,5191,hotel_market,541,0.11008717310087172,0.00020673101250282295,0.0001446502709517541,0.026185273095282277,-210.2677429551167,50
542,716,103,191,470,hotel_market,542,0.14385474860335196,2.8509475370425404e-05,1.2897832378761636e-05,0.05995284859776251,-42.926239595997956,50
543,2324,264,592,1503,hotel_market,543,0.11359724612736662,8.836444722142325e-05,4.1863914033857603e-05,0.02969534612177717,-69.01198438701014,50
544,21620,1430,4168,12816,hotel_market,544,0.06614246068455135,0.0006221334730048852,0.0003894568938950092,-0.0177594393210381,383.95907812084374,50
545,1854,174,413,1153,hotel_market,545,0.09385113268608414,6.164614307845913e-05,3.339745981874871e-05,0.00994923268049469,-18.445877389637158,50
546,16119,2052,3131,10599,hotel_market,546,0.1273031825795645,0.0004673464260984395,0.00029036335211349,0.04340128257397505,-699.5852738099038,50
547,1875,187,668,1185,hotel_market,547,0.09973333333333333,9.970853166201136e-05,3.377574819857272e-05,0.01583143332774388,-29.683937489519774,50
548,6397,790,1414,4150,hotel_market,548,0.1234953884633422,0.00021105967630252105,0.00011523384598734384,0.03959348845775275,-253.27954566424432,50
549,2907,342,699,1909,hotel_market,549,0.11764705882352941,0.00010433572399961968,5.236592000706715e-05,0.03374515881793996,-98.09717668375147,50
550,34511,3810,5308,22791,hotel_market,550,0.11039958274173452,0.000792294739613707,0.0006216719179098363,0.02649768273614507,-914.4615289071025,50
551,5294,682,1154,3500,hotel_market,551,0.12882508500188894,0.00017225096637419327,9.53646991803968e-05,0.04492318499629949,-237.8233413704095,50
552,11835,1170,2851,7631,hotel_market,552,0.09885931558935361,0.0004255524307910096,0.000213192522629391,0.014957415583764164,-177.02101343384888,50
553,23764,2431,4018,15524,hotel_market,553,0.10229759299781181,0.0005997438326616193,0.0004280783361018038,0.018395692992222365,-437.1552482671723,50
554,11207,403,2283,6445,hotel_market,554,0.03595966806460248,0.0003407703260245089,0.00020187989869941572,-0.047942231940986964,537.2885933626409,50
555,959,158,204,651,hotel_market,555,0.16475495307612095,3.0449910866841794e-05,1.7275169345296663e-05,0.0808530530705315,-77.53807789463971,50
556,9857,1231,2280,6377,hotel_market,556,0.12488586791112914,0.0003403225332176436,0.00017756135999644337,0.040983967905539695,-403.9789716449048,50
557,5133,311,2287,3377,hotel_market,557,0.06058834989285018,0.0003413673831003293,9.246448826841268e-05,-0.023313550112739265,119.66845272869064,50
558,26014,1513,4368,15128,hotel_market,558,0.058160990236026756,0.0006519863267959066,0.0004686092339400911,-0.02574090976956269,669.6240267454039,50
559,5419,796,1025,3692,hotel_market,559,0.14689057021590698,0.0001529958756789845,9.761641572696831e-05,0.06298867021031754,-341.3356038697107,50
560,1923,182,627,1214,hotel_market,560,0.09464378575143005,9.358869663485198e-05,3.464040735245618e-05,0.010741885745840604,-20.656646289251483,50
561,32236,2816,5956,20700,hotel_market,561,0.0873557513339124,0.0008890179858966163,0.0005806906767622348,0.003453851328322946,-111.3383514198185,50
562,13660,1097,3016,8469,hotel_market,562,0.08030746705710103,0.0004501810351686022,0.00024606758420933514,-0.0035944329484884213,49.099954076351835,50
563,13587,1498,2380,8746,hotel_market,563,0.11025244719216898,0.00035524896011315425,0.00024475258174613736,0.02635054718657953,-358.0248846240561,50
564,8327,1033,1622,5475,hotel_market,564,0.12405428125375285,0.00024210664424518329,0.00015000034946640803,0.04015238124816341,-334.34887865345667,50
565,6297,860,1321,4182,hotel_market,565,0.13657297125615372,0.00019717809928969612,0.00011343247275008663,0.05267107125056428,-331.6697356648033,50
566,23337,2136,3817,14799,hotel_market,566,0.09152847409692763,0.0005697417146016427,0.00042038647237871554,0.007626574091338184,-177.9813595695592,50
567,2145,306,478,1442,hotel_market,567,0.14265734265734265,7.134832056054107e-05,3.863945593916719e-05,0.0587554426517532,-126.03042448801061,50
568,5575,601,1495,3547,hotel_market,568,0.10780269058295965,0.00022315008208788472,0.00010042655797708956,0.0239007905773702,-133.24690746883886,50
569,9293,459,2077,5611,hotel_market,569,0.04939201549553427,0.0003100218866197569,0.0001674016149383127,-0.034509884510055176,320.70035675194276,50
570,33035,3485,5565,21510,hotel_market,570,0.10549417284698047,0.0008306556567351695,0.0005950836489279199,0.021592272841391022,-713.3007333153524,50
571,10111,1075,1649,6383,hotel_market,571,0.10631984966867768,0.00024613677950697117,0.00018213684801907668,0.02241794966308823,-226.6678890434851,50
572,21109,2327,3480,13944,hotel_market,572,0.11023733952342603,0.0005194396559637718,0.00038025187665262486,0.02633543951783658,-555.9147927820123,50
573,4349,480,877,2784,hotel_market,573,0.11037020004598758,0.0001309047638736287,7.834172208831614e-05,0.02646830004039813,-115.11063687569147,50
574,6558,713,1328,4177,hotel_market,574,0.10872217139371759,0.00019822294917238187,0.00011813405689932795,0.024820271388128146,-162.77133976334437,50
575,2572,329,532,1671,hotel_market,575,0.12791601866251945,7.940859108411683e-05,4.633131966225549e-05,0.04401411865693,-113.20431318562396,50
576,12373,741,2095,7199,hotel_market,576,0.05988846682292088,0.00031270864346094883,0.0002228839106458348,-0.02401343318266857,297.1182087691582,50
577,7551,717,1645,4813,hotel_market,577,0.09495431068732618,0.00024553972243115073,0.00013602169314529206,0.011052410681736735,-83.45675305779409,50
578,2362,256,707,1576,hotel_market,578,0.10838272650296359,0.00010552983815126053,4.2548435864015344e-05,0.02448082649737414,-57.823712186797714,50
579,7754,846,1986,5020,hotel_market,579,0.10910497807583183,0.00029643883814484216,0.0001396784808169242,0.025203078070242385,-195.42466735665946,50
580,2433,316,526,1623,hotel_market,580,0.12988080558980683,7.851300547038619e-05,4.382741086246796e-05,0.04597890558421738,-111.8666772864009,50
581,13691,1613,2207,8933,hotel_market,581,0.1178146227448689,0.0003294262415839208,0.00024662600991288486,0.03391272273927945,-464.29908702347495,50
582,30292,1740,5432,17402,hotel_market,582,0.05744090849069061,0.0008108035089641403,0.0005456719810299546,-0.026460991514898835,801.5563549693155,50
583,8024,937,1828,5115,hotel_market,583,0.11677467597208376,0.0002728550836499353,0.00014454218855751867,0.03287277596649431,-263.7711543551503,50
584,8792,1081,1525,5666,hotel_market,584,0.12295268425841674,0.00022762801015653792,0.00015837673501965406,0.03905078425282729,-343.33449515085755,50
585,34418,1750,5255,20610,hotel_market,585,0.050845487826137487,0.0007843837333590864,0.0006199966407991872,-0.03305641217945196,1137.7355943923776,50
586,2955,321,612,1871,hotel_market,586,0.10862944162436548,9.134973260052538e-05,5.3230579160950606e-05,0.024727541618776036,-73.06988548348319,50
587,28579,2735,5181,18921,hotel_market,587,0.09569963959550719,0.0007733381774564084,0.0005148144574757385,0.011797739589917741,-337.1675997402591,50
588,5212,239,1280,3103,hotel_market,588,0.04585571757482732,0.00019105826426253674,9.388757312584589e-05,-0.038046182430762125,198.2967028291322,50
589,10453,1420,2232,7189,hotel_market,589,0.1358461685640486,0.00033315784830779846,0.00018829754449049634,0.051944268558459156,-542.9734392415736,50
590,12185,724,2225,7406,hotel_market,590,0.05941731637258925,0.0003321129984251127,0.00021949732895979127,-0.024484583633000198,298.3446515681074,50
591,26147,2766,4232,17006,hotel_market,591,0.10578651470531993,0.0006316863862180121,0.0004710050603456432,0.02188461469973048,-572.2170205538529,50
592,18408,1993,3883,11795,hotel_market,592,0.10826814428509343,0.0005795931563526798,0.00033159678551430755,0.024366244279503985,-448.53382469710937,50
593,20767,2175,3001,13462,hotel_market,593,0.10473347137285116,0.0004479420711342756,0.0003740911801812052,0.020831571367261714,-432.609242583924,50
594,2209,266,432,1332,hotel_market,594,0.12041647804436396,6.448216418860615e-05,3.979233481101181e-05,0.03651457803877452,-80.6607028876529,50
595,7301,630,1715,4573,hotel_market,595,0.0862895493767977,0.0002559882212580082,0.00013151826005214904,0.0023876493712082503,-17.432228059191434,50
596,9540,1199,1841,6270,hotel_market,596,0.12568134171907758,0.00027479551914635165,0.00017185100683433802,0.04177944171348813,-398.5758739466768,50
597,6593,874,1339,4385,hotel_market,597,0.13256484149855907,0.00019986485613088803,0.00011876453753236797,0.048662941492969625,-320.83477326314875,50
598,12757,883,2294,7896,hotel_market,598,0.06921690052520185,0.00034241223298301504,0.00022980118387690252,-0.014684999480387595,187.33653837130456,50
599,15178,1079,2971,9223,hotel_market,599,0.0710897351429701,0.0004434641430656224,0.0002734124299508996,-0.012812164862619352,194.46303828483653,50
600,11917,1556,2644,7922,hotel_market,600,0.13056977427204833,0.00039465472711730244,0.00021466964868394194,0.04666787426645888,-556.1410576333905,50
601,2250,322,427,1427,hotel_market,601,0.1431111111111111,6.373584284383062e-05,4.0530897838287265e-05,0.05920921110552166,-133.22072498742372,50
602,7047,845,1067,4647,hotel_market,602,0.11990918121186321,0.000159264974975099,0.0001269427720295157,0.036007281206273764,-253.74331066061123,50
603,3670,383,679,2354,hotel_market,603,0.10435967302452316,0.00010135043862051753,6.611039780733967e-05,0.020457773018933714,-75.08002697948673,50
604,4888,507,941,2940,hotel_market,604,0.10372340425531915,0.00014045767708675553,8.805112383713251e-05,0.0198215042497297,-96.88751277267878,50
605,2784,338,622,1789,hotel_market,605,0.12140804597701149,9.284237529007644e-05,5.0150230925240775e-05,0.037506145971422045,-104.41711038443897,50
606,6724,929,1096,4412,hotel_market,606,0.13816180844735276,0.0001635936387747971,0.00012112433647317493,0.054259908441763316,-364.84362436241656,50
607,12823,943,2940,8035,hotel_market,607,0.0735397332917414,0.00043883695072801407,0.00023099009021349226,-0.010362166713848042,132.87406377167343,50
608,6656,343,1763,4019,hotel_market,608,0.05153245192307692,0.0002631529061678533,0.00011989940267184002,-0.03236944808251253,215.4510464372034,50
609,11863,1308,2524,7544,hotel_market,609,0.11025878782769957,0.00037674301484268965,0.00021369690713582304,0.026356887822110125,-312.6717602336924,50
610,4146,497,1054,2596,hotel_market,610,0.11987457790641583,0.0001573245394786826,7.468493441668401e-05,0.03597267790082638,-149.14272257682617,50
611,38681,2186,4882,22880,hotel_market,611,0.056513533776272586,0.0007287081610388316,0.0006967891819034621,-0.02738836622931686,1059.4093941162055,50
612,2608,360,578,1716,hotel_market,612,0.13803680981595093,8.627474745605175e-05,4.6979814027668086e-05,0.05413490981036148,-141.18384478542274,50
613,9801,1086,1969,6226,hotel_market,613,0.11080501989592899,0.00029390134557260537,0.00017655259098357933,0.02690311989033954,-263.67747804521787,50
614,15978,1265,2954,9787,hotel_market,614,0.07917136062085367,0.00044092665049338557,0.0002878234158489573,-0.004730539384735777,75.58455828930825,50
615,2448,218,661,1559,hotel_market,615,0.08905228758169935,9.866368177932561e-05,4.409761684805654e-05,0.005150387576109902,-12.60814878631704,50
616,7988,1051,1536,5255,hotel_market,616,0.13157235853780672,0.00022926991711504408,0.0001438936941921061,0.04767045853221727,-380.79162275535157,50
617,13559,641,2626,8001,hotel_market,617,0.047274872778228484,0.00039196797027611055,0.00024424819723970533,-0.03662702722736096,496.6258621757873,50
618,6342,757,1897,4267,hotel_market,618,0.11936297697887102,0.00028315431820783766,0.00011424309070685237,0.035461076973281574,-224.89415016455175,50
619,11246,1264,2156,7346,hotel_market,619,0.11239551840654455,0.0003218137638672103,0.00020258243426194604,0.0284936184009551,-320.43923253714104,50
620,2621,343,633,1669,hotel_market,620,0.13086608164822586,9.448428224858262e-05,4.7213992548511523e-05,0.04696418164263641,-123.09312008535004,50
621,6248,761,1118,4055,hotel_market,621,0.1217989756722151,0.00016687745269180945,0.00011254979986383059,0.03789707566662566,-236.78092876507714,50
622,923,125,263,594,hotel_market,622,0.13542795232936078,3.9256502735193093e-05,1.6626674979884065e-05,0.05152605232377133,-47.55854629484094,50
623,137705,7079,18336,79820,hotel_market,623,0.05140699321012309,0.002736909635560839,0.0024805810163650434,-0.032494906795466356,4474.711140269695,50
624,22579,1722,3717,13235,hotel_market,624,0.07626555649054431,0.0005548152877061321,0.0004067320632403059,-0.007636343515045135,172.42100022620411,50
625,2699,289,601,1647,hotel_market,625,0.10707669507224898,8.97078256420192e-05,4.861906367357215e-05,0.023174795066659537,-62.54877188491409,50
626,7772,823,1438,4969,hotel_market,626,0.10589294904786413,0.00021464201875744362,0.00014000272799963051,0.021991049042274682,-170.91443315655883,50
627,115912,5265,14730,70001,hotel_market,627,0.045422389398854304,0.0021986626817087234,0.0020880077467695796,-0.03847951060673514,4460.237033447884,50
628,2867195,132646,221289,1496367,hotel_market,628,0.04626333402506631,0.03303054081280664,0.05164888338997691,-0.037638565980523134,107917.10818652602,50
629,27171,2522,4156,16925,hotel_market,629,0.09281955025578742,0.000620342301777424,0.000489451122295157,0.008917650250197973,-242.3014749481291,50
630,5264,715,1289,3549,hotel_market,630,0.13582826747720364,0.0001924016426831327,9.482428720921964e-05,0.05192636747161419,-273.34039837057713,50
631,18446,1645,6201,12068,hotel_market,631,0.08917922584842242,0.0009255877317906174,0.0003322813073444653,0.0052773258428329695,-97.34555249689696,50
632,2459,351,736,1642,hotel_market,632,0.14274095160634404,0.00010985850195095863,4.429576790415484e-05,0.05883905160075459,-144.68522788625555,50
633,90051,8369,12046,54038,hotel_market,633,0.09293622502803967,0.0017980373838332169,0.0016221546138824917,0.009034325022450218,-813.5500025966646,50
634,15092,1737,2231,9561,hotel_market,634,0.1150940895838855,0.00033300858403884336,0.0002718632489668584,0.03119218957829606,-470.7525251156441,50
635,3636,370,742,2265,hotel_market,635,0.10176017601760176,0.00011075408756468927,6.549793090667222e-05,0.017858276012012314,-64.93269157967677,50
636,144156,4763,19973,77568,hotel_market,636,0.03304059491106857,0.002981255243840349,0.002596787603900506,-0.05086130509452088,7331.962297205752,50
637,658974,45917,73035,406287,hotel_market,637,0.0696795321211459,0.010901515883136228,0.01187058127648334,-0.014222367884443546,9372.170654283302,50
638,41513,4248,6949,26635,hotel_market,638,0.10232939079324549,0.0010372374049690374,0.0007478040719825864,0.018427490787656042,-764.9804250679653,50
639,42841,4589,7575,27908,hotel_market,639,0.10711701407530169,0.0011306768373349342,0.0007717263085733621,0.023215114069712245,-994.5587018605423,50
640,53853,5600,8086,34786,hotel_market,640,0.10398677882383525,0.0012069508787709937,0.0009700935294601262,0.020084878818245805,-1081.6309789989914,50
641,94013,10643,14452,62012,hotel_market,641,0.11320774786465701,0.002157167214939204,0.0016935250215426225,0.029305847859067563,-2755.130674774519,50
642,57741,2187,6543,34355,hotel_market,642,0.03787603262846158,0.000976636111773264,0.0010401309209246868,-0.04602586737712787,2657.5796082227403,50
643,66301,6802,10163,42601,hotel_market,643,0.10259272107509691,0.0015169727653907507,0.001194328470033904,0.018690821069507466,-1239.2201277294146,50
644,31412,3211,5487,20397,hotel_market,644,0.10222208073347765,0.0008190130437566712,0.0005658473612872353,0.0183201807278882,-575.4735170244242,50
645,41520,3584,7172,25790,hotel_market,645,0.08631984585741811,0.0010705233369460263,0.0007479301681091944,0.002417945851828668,-100.39311176792629,50
646,129480,12332,17157,82804,hotel_market,646,0.09524250849552054,0.0025609270624627678,0.002332418067600638,0.011340608489931098,-1468.3819872762786,50
647,121353,9211,19322,74852,hotel_market,647,0.07590253228185541,0.002884084204750574,0.002186020464608744,-0.007999367723734038,970.7472713782968,50
648,48072,4837,7267,31454,hotel_market,648,0.10061990347811615,0.0010847034424967613,0.0008659561426142869,0.016718003472526707,-803.6678629313038,50
649,40646,3497,5912,26385,hotel_market,649,0.08603552625104562,0.0008824503580625916,0.0007321861660155663,0.002133626245456169,-86.72337237281144,50
650,35269,1427,5362,20818,hotel_market,650,0.04046046102809833,0.0008003550101372828,0.000635326327048246,-0.043441438977491115,1532.1361112971342,50
651,17539,1596,3071,11283,hotel_market,651,0.09099720622612463,0.00045839056996113307,0.0003159428520825424,0.007095306220535183,-124.44457580196658,50
652,3595,215,831,2202,hotel_market,652,0.059805285118219746,0.0001240386075016938,6.475936787939677e-05,-0.0240966148873697,86.62733052009408,50
653,21885,2328,4434,14659,hotel_market,653,0.1063742289239205,0.0006618377685469437,0.0003942305329737408,0.02247232891833105,-491.806918377675,50
654,32729,2642,4997,20746,hotel_market,654,0.08072351736991659,0.0007458735519686689,0.0005895714468219129,-0.003178382635672855,104.02528528293688,50
655,5539,410,1081,3384,hotel_market,655,0.07402058133237047,0.00016135467474047047,9.977806361167697e-05,-0.00988131867321898,54.732624130959934,50
656,204097,19012,28356,130959,hotel_market,656,0.09315178567053901,0.004232537610491009,0.0036765487360448518,0.009249885664949567,-1887.8739145592117,50
657,16417,1368,2980,10796,hotel_market,657,0.08332825729426814,0.00044480752148621833,0.00029573144436051646,-0.0005736427113213066,9.417492391761892,50
658,41059,1570,5676,24630,hotel_market,658,0.03823765800433523,0.0008472239905891863,0.0007396258374854386,-0.04566424200125422,1874.928112329497,50
659,318548,20173,36514,193615,hotel_market,659,0.06332797568969198,0.005450235516626771,0.005738238419818103,-0.02057392431589747,6553.782442980507,50
660,193233,16208,25306,124174,hotel_market,660,0.08387801255479137,0.0037772815901779334,0.003480847547549228,-2.3887450798079635e-05,4.6158437800653225,50
661,90434,9680,13551,59718,hotel_market,661,0.10703938784085631,0.002022680108610653,0.001629053873381187,0.023137487835266868,-2092.415574894524,50
662,45571,2828,6376,28151,hotel_market,662,0.06205700994053236,0.0009517089788577611,0.000820903797950484,-0.02184489006505709,995.4934851547167,50
663,414660,30286,48810,259462,hotel_market,663,0.07303815173877394,0.007285588967698765,0.007469574265610754,-0.010863748266815507,4504.761856317718,50
664,40674,4529,6237,26680,hotel_market,664,0.11134877317205094,0.0009309612454730013,0.0007326905505219984,0.027446873166461494,-1116.374119172655,50
665,14512,628,2200,8572,hotel_market,665,0.04327453142227122,0.000328381391701235,0.0002614152841907666,-0.040627368583318224,589.5843728811141,50
666,39805,1623,6049,23766,hotel_market,666,0.040773772139178495,0.0009028995629094413,0.0007170366170902332,-0.04312812786641095,1716.715129722488,50
667,2976,203,766,1964,hotel_market,667,0.06821236559139784,0.00011433643001961184,5.360886754077462e-05,-0.015689534414191603,46.69205441663421,50
668,7274,531,1488,4571,hotel_market,668,0.07299972504811658,0.00022210523220519897,0.00013103188927808957,-0.010902174957472865,79.30242064065763,50
669,9332,575,1827,5779,hotel_market,669,0.061615945135019286,0.0002727058193809802,0.00016810415050084302,-0.02228595487057016,207.97253085216076,50
670,54461,4420,7573,34877,hotel_market,670,0.08115899450983273,0.001130378308797024,0.00098104587874265,-0.0027429054957567173,149.3813762044066,50
671,53359,1660,6859,32466,hotel_market,671,0.031110028298881164,0.0010238036207630777,0.0009611947456680756,-0.05279187170670828,2816.921482398247,50
672,6485,298,1206,3824,hotel_market,672,0.04595219737856592,0.00018001270835985884,0.00011681905443613019,-0.037949702627023525,246.10382153624755,50
673,32735,2628,5622,20962,hotel_market,673,0.08028104475332214,0.0008391637200656106,0.0005896795292161483,-0.0036208552522673104,118.5286966829704,50
674,109450,9194,21437,68407,hotel_market,674,0.08400182731841023,0.003199778133590625,0.0019716030081780183,9.992731282078282e-05,-10.93704438823468,50
675,2325021,97284,174068,1350275,hotel_market,675,0.041842202715588375,0.025982132768477537,0.04188230605461,-0.04205969729000107,97789.67945289558,50
676,234357,13874,42468,142152,hotel_market,676,0.05920027991483079,0.006338954973985477,0.004221644277638884,-0.024701620090758658,5788.997579609927,50
677,101759,5874,14353,62148,hotel_market,677,0.057724623866193654,0.0021423900523126482,0.001833059392500566,-0.026177276139395793,2663.7734426687766,50
678,81813,8316,12854,53005,hotel_market,678,0.10164643760771516,0.001918642913148943,0.0014737574865972428,0.017744537602125715,-1451.733854842711,50
679,64133,2908,7959,37141,hotel_market,679,0.04534327101492212,0.0011879943166136953,0.0011552746982501677,-0.03855862899066733,2472.8805530584677,50
680,58171,4909,9510,36319,hotel_market,680,0.08438912860359973,0.001419503197763066,0.0010478768258448928,0.0004872285980102864,-28.34257477485637,50
681,146845,3314,13962,78420,hotel_market,681,0.022568013892199257,0.0020840277231512017,0.002645226530250353,-0.06133388611339019,9006.574506320783,50
682,1254991,44483,103208,692193,hotel_market,682,0.03544487570030383,0.015405266670318666,0.022607072003986654,-0.04845702430528562,60813.129389914706,50
683,43771,1290,5248,23886,hotel_market,683,0.029471567933106395,0.0007833388834764006,0.0007884790796798542,-0.05443033207248305,2382.4700651446556,50
684,32936,3930,6153,21761,hotel_market,684,0.11932232207918388,0.0009184230468807723,0.0005933002894230353,0.03542042207359443,-1166.607021415906,50
685,133934,5135,17318,75589,hotel_market,685,0.03833977929427927,0.00258495860976454,0.0024126512315880743,-0.045562120711310175,6102.317075348617,50
686,107401,8207,16871,66368,hotel_market,686,0.07641455852366365,0.0025182374815416074,0.001934692870546618,-0.007487341481925799,804.1479625003128,50
687,276,17,76,172,hotel_market,687,0.06159420289855073,1.134408444058812e-05,4.971790134829905e-06,-0.02230769710703872,6.156924401542686,59
688,88572,7952,14252,56182,hotel_market,688,0.08978006593505848,0.0021273143611481825,0.0015955123037034577,0.005878165929469034,-520.6409127049313,50
689,68784,5102,16517,43327,hotel_market,689,0.07417422656431728,0.0024653979303314996,0.0012390565675150006,-0.009727673441272164,669.1082899844645,50
690,316417,24101,44482,197664,hotel_market,690,0.07616847388098617,0.006639573211661062,0.005699851156132152,-0.007733426124603274,2446.987494068594,50
691,48130,1954,8147,28620,hotel_market,691,0.04059837938915437,0.0012160559991772554,0.0008670009390918961,-0.043303520616435075,2084.19844726902,50
692,10586,930,2184,6398,hotel_market,692,0.08785187984129983,0.0003259931633979533,0.00019069337089604844,0.003949979835710382,-41.8144865408301,50
693,29300,1563,4958,17745,hotel_market,693,0.05334470989761092,0.0007400522454794197,0.000527802358516363,-0.030557190107978527,895.3256701637708,50
694,78868,3634,9347,46423,hotel_market,694,0.04607698940001014,0.0013951731219233835,0.0014207070447600177,-0.037824910605579305,2983.1750496408285,50
695,34161,1155,4872,19035,hotel_market,695,0.03381048564152103,0.0007272155183492805,0.0006153671115794361,-0.050091414364068415,1711.172806090941,50
696,171686,15467,25573,107996,hotel_market,696,0.09008888319373741,0.003817135149988947,0.0030927056561174168,0.0061869831881479626,-1062.218395640371,50
697,61297,6365,10101,39486,hotel_market,697,0.10383868704830579,0.001507718380715534,0.001104187753241553,0.019936787042716342,-1222.0652353573837,50
698,29178,3161,5315,18787,hotel_market,698,0.10833504695318391,0.0007933395894963928,0.0005256046831669093,0.024433146947594464,-712.9103616369113,50
699,399600,19679,42159,237340,hotel_market,699,0.04924674674674675,0.006292832314878349,0.007198287456079818,-0.0346551532588427,13848.199242233542,50
700,81670,3615,13730,46659,hotel_market,700,0.04426349944900208,0.002049398412753617,0.0014711815228679649,-0.039638400556587364,3237.26817345649,50
701,1094438,44906,93377,647892,hotel_market,701,0.04103110454863592,0.013937849642221011,0.019714913230373082,-0.04287079545695353,46919.427638317306,50
702,61584,2540,10388,36405,hotel_market,702,0.041244479085476744,0.0015505572259056498,0.0011093576944324814,-0.0426574209201127,2627.014609944221,50
703,82184,5086,13717,50773,hotel_market,703,0.061885525163048766,0.0020474579772572004,0.001480440581307467,-0.02201637484254068,1809.3937500593634,50
704,5893,473,1721,3749,hotel_market,704,0.08026472085525199,0.00025688380687173887,0.00010615492487156749,-0.003637179150337455,21.433896732938624,50
705,47689,2480,8308,28627,hotel_market,705,0.05200360670175512,0.0012400875464790276,0.0008590568831155917,-0.03189829330383433,1521.1977093665553,50
706,9119,1112,1662,6064,hotel_market,706,0.12194319552582521,0.0002480772150033876,0.00016426722550548514,0.03804129552023576,-346.8985738490299,50
707,31417,1367,3343,19183,hotel_market,707,0.043511474679313746,0.0004989904511169222,0.0005659374299490982,-0.0403904253262757,1268.9459924756038,50
708,8030,880,1306,5112,hotel_market,708,0.1095890410958904,0.00019493913525536952,0.0001446502709517541,0.025687141090300958,-206.2677429551167,50
709,10055,926,1947,6584,hotel_market,709,0.0920934858279463,0.000290617531655593,0.00018112807900621264,0.00819158582235685,-82.36639544379813,50
710,14040,1260,2184,8861,hotel_market,710,0.08974358974358974,0.0003259931633979533,0.00025291280251091253,0.005841689738000297,-82.01732392152417,50
711,7640,802,1452,4900,hotel_market,711,0.1049738219895288,0.00021673171852281512,0.00013762491532645098,0.021071921983939354,-160.98948395729667,50
712,43067,2158,6386,25457,hotel_market,712,0.05010797130053173,0.0009532016215473122,0.0007757974120895634,-0.033793928705057714,1455.4031275407206,50
713,6120,654,1177,4040,hotel_market,713,0.10686274509803921,0.00017568404456016074,0.00011024404212014137,0.022960845092449764,-140.52037196579255,50
714,17889,2247,3046,12049,hotel_market,714,0.12560791547878586,0.0004546589632372554,0.0003222476584129426,0.04170601547319641,-746.0789108000106,50
715,12350,1294,2189,8082,hotel_market,715,0.10477732793522267,0.00032673948474272886,0.00022246959480126566,0.02087542792963322,-257.81153493097025,50
716,6003,743,1148,3859,hotel_market,716,0.12377144760952857,0.00017135538076046264,0.00010813643543255043,0.039869547603939126,-239.33689426644656,50
717,1268,151,284,806,hotel_market,717,0.11908517350157728,4.239105238325034e-05,2.2841412648421445e-05,0.035183273495987835,-44.61239079291258,50
718,19845,758,4076,10860,hotel_market,718,0.0381960191484001,0.0006084011602610155,0.0003574825189336937,-0.045705880857189345,907.0332056109226,50
719,7266,786,1238,4670,hotel_market,719,0.10817506193228736,0.00018478916496642226,0.000130887779419109,0.024273161926697914,-176.36879455938706,50
720,1645,215,377,1057,hotel_market,720,0.13069908814589665,5.6272629396075276e-05,2.9632589752881134e-05,0.0467971881403072,-76.98137449080535,50
721,13305,1792,2134,8878,hotel_market,721,0.13468620819240887,0.000318529949950198,0.00023967270921707202,0.05078430818681942,-675.6852204256325,50
722,376,32,86,232,hotel_market,722,0.0851063829787234,1.2836727130139188e-05,6.773163372087117e-06,0.0012044829731339551,-0.45288559789836713,5
723,19879,2665,3501,13619,hotel_market,723,0.13406106947029528,0.000522574205611829,0.00035809498583436113,0.05015916946470583,-997.1141297888872,50
724,19245,1831,3705,12278,hotel_market,724,0.09514159521953754,0.0005530241164786708,0.0003466742795101504,0.01123969521394809,-216.30793439243098,50
725,7046,883,1376,4515,hotel_market,725,0.12531933011637808,0.000205387634082227,0.00012692475829714314,0.04141743011078863,-291.8272125606167,50
726,21445,2557,2953,13990,hotel_market,726,0.11923525297272092,0.0004407773862244305,0.0003863044907298091,0.03533335296713147,-757.7237543801344,50
727,6836,708,1336,4221,hotel_market,727,0.10356933879461673,0.00019941706332402272,0.000123141874498903,0.019667438789027283,-134.44661156179052,50
728,7427,735,1464,4646,hotel_market,728,0.09896324222431668,0.0002185228897502764,0.00013378799033109313,0.015061342218727236,-111.86058865848719,50
729,5907,695,1385,3635,hotel_market,729,0.11765701709835788,0.00020673101250282295,0.0001064071171247835,0.03375511709276843,-199.39147666698312,50
730,7724,739,1446,4991,hotel_market,730,0.095675815639565,0.00021583613290908447,0.00013913806884574705,0.011773915633975549,-90.94172435682714,50
731,16114,1865,2911,10568,hotel_market,731,0.11573786769268958,0.00043450828692831597,0.0002902732834516271,0.031835967687100133,-513.0047833099316,50
732,2934,208,758,1808,hotel_market,732,0.070892978868439,0.00011314231586797098,5.2852290781126596e-05,-0.01300892113715045,38.16817461639942,50
733,8173,1030,1591,5406,hotel_market,733,0.12602471552673436,0.00023747945190757497,0.00014722623468103193,0.04212281552114491,-344.2697712543174,50
734,19714,2197,3456,13062,hotel_market,734,0.11144364411078421,0.0005158573135088492,0.00035512271999288674,0.027541744105194763,-542.9579432898096,50
735,12592,1686,2609,8290,hotel_market,735,0.13389453621346886,0.0003894304777038737,0.0002268289180354281,0.049992636207879415,-629.5072751296176,50
736,10598,1268,1804,6977,hotel_market,736,0.11964521607850538,0.00026927274119501273,0.0001909095356845193,0.035743316072915934,-378.8076637407631,50
737,13184,1613,3150,8747,hotel_market,737,0.12234526699029126,0.0004701824472085865,0.00023749304759999081,0.03844336698470181,-506.8373503263087,50
738,12669,1586,2178,8184,hotel_market,738,0.12518746546688767,0.0003250975777842227,0.00022821597542811616,0.04128556546129822,-523.0468288291871,50
739,4009,468,913,2700,hotel_market,739,0.11673734098278872,0.00013627827755601253,7.221705308164162e-05,0.03283544097719927,-131.6372828775919,50
740,2667,333,533,1688,hotel_market,740,0.12485939257592801,7.955785535307194e-05,4.804262423764984e-05,0.040957492570338566,-109.23363268509296,50
741,18782,2102,2843,12406,hotel_market,741,0.1119156639335534,0.0004243583166393687,0.0003383339214216495,0.028013763927963953,-526.154514095019,50
742,14456,435,2615,8316,hotel_market,742,0.03009131156613171,0.00039032606331760434,0.00026040651517790254,-0.05381058843945774,777.885866480801,50
743,139024,11911,19779,89260,hotel_market,743,0.08567585452871447,0.002952297975663058,0.002504341129364466,0.0017739545231250237,-246.6222536229333,50
744,13129,1558,2272,8890,hotel_market,744,0.11866859623733719,0.0003391284190660027,0.00023650229231949934,0.034766696231747746,-456.45195482661615,50
745,26208,1642,3797,15432,hotel_market,745,0.06265262515262515,0.0005667564292225406,0.00047210389802037006,-0.021249274852964295,556.9009953464882,50
746,6730,627,1534,4065,hotel_market,746,0.09316493313521546,0.0002289713885771339,0.00012123241886741036,0.009263033129626008,-62.340212962383035,50
747,12125,1414,2188,8024,hotel_market,747,0.11661855670103093,0.00032659022047377376,0.00021841650501743694,0.03271665669544148,-396.6894624322279,50
748,9102,1096,1817,6078,hotel_market,748,0.12041309602285212,0.0002712131766914291,0.00016396099205515143,0.03651119601726267,-332.32490614912484,50
749,3669,251,694,2076,hotel_market,749,0.068411011174707,0.00010358940265484415,6.60923840749671e-05,-0.01549088883088244,56.836071120507675,50
750,233778,10170,24119,137029,hotel_market,750,0.04350281035854529,0.0036001049029282216,0.0042112143265951646,-0.04039908964704416,9444.41837950669,198
751,31014,1730,5434,18180,hotel_market,751,0.055781260076094664,0.0008111020375020505,0.0005586778958029517,-0.028120639929494783,872.1335267733512,50
752,724,49,192,447,hotel_market,752,0.06767955801104972,2.865873963938051e-05,1.3041942237742214e-05,-0.01622234199453973,11.744975604046765,126
753,10026,652,1822,5735,hotel_market,753,0.06503091960901655,0.0002719594980362046,0.00018060568076740805,-0.018870980396572895,189.20044945603985,106
754,3445,307,590,2118,hotel_market,754,0.08911465892597968,8.806591868351303e-05,6.205730802351095e-05,0.005212758920390234,-17.957954480744355,106
755,2737,226,560,1836,hotel_market,755,0.08257215929850201,8.358799061485982e-05,4.930358550372989e-05,-0.00132974070708744,3.6395003152983234,106
756,35085,1700,4132,18987,hotel_market,756,0.04845375516602537,0.0006167599593225015,0.0006320118002916928,-0.03544814483956408,1243.6981616961057,106
757,7008,217,1354,4239,hotel_market,757,0.03096461187214612,0.00020210382016521466,0.0001262402364669854,-0.052937288133443325,370.98451523917083,106
758,2556,186,625,1610,hotel_market,758,0.07276995305164319,9.329016809694177e-05,4.6043099944294336e-05,-0.011131946953946259,28.45325641428664,106
759,7567,320,1759,4256,hotel_market,759,0.042288885952160696,0.00026255584909203294,0.0001363099128632532,-0.04161301405342875,314.88567734229537,106
760,150,19,33,105,hotel_market,760,0.12666666666666668,4.925720875518525e-06,2.702059855885818e-06,0.04276476666107723,-6.414714999161585,8
761,14202,941,2220,8990,hotel_market,761,0.06625827348260808,0.00033136667708033715,0.00025583102715526923,-0.017643626522981362,250.5747838793813,70
762,7290,850,1287,4870,hotel_market,762,0.11659807956104253,0.0001921031141452225,0.00013132010899605075,0.03269617955545308,-238.35514895925294,70
763,7580,588,1423,4903,hotel_market,763,0.07757255936675461,0.00021240305472311702,0.00013654409138409666,-0.006329340638834835,47.97640204236805,70
764,10360,877,1779,6812,hotel_market,764,0.08465250965250966,0.00026554113447113507,0.00018662226737984713,0.0007506096469202111,-7.776315942093388,70
765,3710,357,786,2309,hotel_market,765,0.09622641509433963,0.00011732171539871397,6.683094710224256e-05,0.012324515088750182,-45.72395097926317,31
766,6078,461,1090,3932,hotel_market,766,0.07584731819677526,0.00016269805316106644,0.00010948746536049334,-0.008054581808814187,48.95574823397263,70
767,8128,922,1394,5624,hotel_market,767,0.11343503937007875,0.00020807439092341892,0.00014641561672426617,0.0295331393644893,-240.04535675456904,70
768,12511,707,2175,7813,hotel_market,768,0.05651027096155383,0.00032464978497735735,0.00022536980571324976,-0.027391629044035616,342.6966709699296,70
769,12366,520,2084,7603,hotel_market,769,0.042050784408863014,0.0003110667365024426,0.0002227578145192268,-0.04185111559672643,517.5308954691191,105
770,40601,2279,5338,24122,hotel_market,770,0.05613162237383316,0.0007967726676823603,0.0007313755480588005,-0.02777027763175629,1127.5010421269371,105
771,24261,1148,3636,14059,hotel_market,771,0.047318742013931825,0.0005427248819207685,0.00043703116109097216,-0.03658315799165762,887.5439960356056,105
772,17834,748,2544,10819,hotel_market,772,0.04194235729505439,0.0003797283002217918,0.00032125690313245116,-0.04195954271053506,748.3064846996822,105
773,22106,1278,3130,13069,hotel_market,773,0.05781235863566452,0.00046719716182948436,0.00039821156782807925,-0.026089541369924925,576.7354015235604,170
774,35775,1829,4866,20295,hotel_market,774,0.051125087351502445,0.0007263199327355498,0.0006444412756287676,-0.032776812654087,1172.5904726999624,77
775,3350,279,1060,2145,hotel_market,775,0.08328358208955224,0.00015822012509241325,6.03460034481166e-05,-0.0006183179160372115,2.071365018724659,198
776,456,66,108,306,hotel_market,776,0.14473684210526316,1.6120541047151537e-05,8.214261961892885e-06,0.06083494209967372,-27.740733597451214,8
777,8676,625,1566,5527,hotel_market,777,0.07203780544029506,0.0002337478451836973,0.0001562871420644357,-0.011864094565294386,102.9328844484941,144
778,2227,183,516,1353,hotel_market,778,0.08217332734620565,7.702036278083512e-05,4.0116581993718104e-05,-0.0017285726593837952,3.849531312447712,106
779,2781,219,463,1687,hotel_market,779,0.07874865156418555,6.910935652621447e-05,5.009618972812306e-05,-0.005153248441403899,14.331183915544242,106
780,2924,92,658,1778,hotel_market,780,0.03146374829001368,9.82158889724603e-05,5.267215345740087e-05,-0.05243815171557577,153.32915561634354,106
781,3357,223,1049,2103,hotel_market,781,0.06642835865355973,0.00015657821813390706,6.04720995747246e-05,-0.01747354135202972,58.65867831876377,106
782,1824,98,449,1022,hotel_market,782,0.0537280701754386,6.701965676084297e-05,3.285704784757154e-05,-0.03017382983015085,55.03706561019515,106
783,4104,256,650,2402,hotel_market,783,0.06237816764132553,9.702177482081943e-05,7.392835765703597e-05,-0.021523732364263914,88.3333976229391,106
784,1955,161,510,1224,hotel_market,784,0.08235294117647059,7.612477716710448e-05,3.521684678837849e-05,-0.00154895882911886,3.0282145109273713,106
785,4281,450,1153,2836,hotel_market,785,0.1051156271899089,0.00017210170210523818,7.711678828698123e-05,0.02121372718431945,-90.81596607607156,198
786,2992,545,527,2157,hotel_market,786,0.1821524064171123,7.86622697393413e-05,5.3897087258735776e-05,0.09825050641152286,-293.9655151832764,198
787,4847,722,731,3307,hotel_market,787,0.14895811842376727,0.0001091121806061831,8.731256080985706e-05,0.06505621841817782,-315.3274906729079,198
788,6525,841,1086,4392,hotel_market,788,0.1288888888888889,0.000162100996085246,0.00011753960373103308,0.04498698888329944,-293.54010246352885,198
789,3923,533,718,2679,hotel_market,789,0.13586540912566913,0.0001071717451097667,7.066787209760041e-05,0.05196350912007969,-203.8528462780726,198
790,2335,183,1061,1548,hotel_market,790,0.07837259100642398,0.00015836938936136834,4.20620650899559e-05,-0.005529308999165469,12.910936513051372,198
791,6728,883,1319,4614,hotel_market,791,0.1312425683709869,0.0001968795707517859,0.00012119639140266521,0.047340668365397465,-318.50801676239416,198
792,1664,222,385,1093,hotel_market,792,0.13341346153846154,5.746674354771613e-05,2.9974850667960004e-05,0.04951156153287209,-82.38723839069915,198
793,669,103,181,507,hotel_market,793,0.15396113602391628,2.7016832680874336e-05,1.2051186957250747e-05,0.07005923601832684,-46.86962889626066,79
794,10874,745,1654,7293,hotel_market,794,0.0685120470847894,0.0002468831008517467,0.00019588132581934922,-0.015389852920800043,167.34926066077966,203
795,673,32,222,429,hotel_market,795,0.0475482912332838,3.3136667708033716e-05,1.2123241886741035e-05,-0.036353608772305646,24.4659787037617,182
796,4926,234,864,2697,hotel_market,796,0.047503045066991476,0.0001289643283772123,8.873564566729026e-05,-0.03639885493859797,179.30075942753362,100
797,3168,234,659,1930,hotel_market,797,0.07386363636363637,9.83651532414154e-05,5.706750415630847e-05,-0.01003826364195308,31.801219217707356,126
798,16201,861,2141,10032,hotel_market,798,0.05314486760076539,0.0003195747998328837,0.0002918404781680409,-0.03075703240482406,498.2946819905546,0
799,30213,1611,4352,19272,hotel_market,799,0.053321417932677986,0.0006495980984926249,0.0005442488961725214,-0.03058048207291146,923.928104868874,46
800,1035,94,270,628,hotel_market,800,0.09082125603864734,4.0301352617878845e-05,1.864421300561214e-05,0.006919356033057891,-7.161533494214917,182
801,1655,61,578,984,hotel_market,801,0.036858006042296075,8.627474745605175e-05,2.9812727076606856e-05,-0.04704389396329337,77.85764450925053,182
802,328,12,123,192,hotel_market,802,0.036585365853658534,1.835950508147814e-05,5.908504218203655e-06,-0.04731653415193091,15.51982320183334,182
803,13871,1409,2245,9179,hotel_market,803,0.10157883353759642,0.0003350982838042148,0.00024986848173994783,0.017676933532006972,-245.19674502246872,39
804,2111,106,397,1194,hotel_market,804,0.0502131691141639,5.925791477517741e-05,3.802698903849974e-05,-0.033688730891425545,71.11691091179932,73
805,1183,111,350,785,hotel_market,805,0.09382924767540152,5.224249413428739e-05,2.1310245396752815e-05,0.00992734766981207,-11.744052293387679,167
806,85,3,33,51,hotel_market,806,0.03529411764705882,4.925720875518525e-06,1.53116725166863e-06,-0.048607782358530624,4.131661500475103,99
807,66240,3078,8430,37683,hotel_market,807,0.04646739130434783,0.0012582977872915505,0.001193229632359177,-0.03743450870124162,2479.661856370245,12
808,22563,914,3351,13481,hotel_market,808,0.0405087975889731,0.000500184565268563,0.0004064438435223447,-0.04339310241661635,979.0785698261146,105
809,52513,2531,11265,31091,hotel_market,809,0.0481975891683964,0.0016814619897792785,0.0009459551280808796,-0.03570431083719305,1874.9404749935186,105
810,17207,1805,3711,11399,hotel_market,810,0.10489916894287209,0.0005539197020924014,0.0003099622929348484,0.02099726893728264,-361.3000066038224,105
811,9042,520,1375,5461,hotel_market,811,0.057509400575094,0.00020523836981327189,0.00016288016811279708,-0.026392499430495445,238.64097985053982,89
812,1950,60,437,1229,hotel_market,812,0.03076923076923077,6.522848553338168e-05,3.512677812651563e-05,-0.053132669236358676,103.60870501089941,8
813,736,54,171,463,hotel_market,813,0.07336956521739131,2.5524189991323267e-05,1.325810702621308e-05,-0.010532334788198136,7.751798404113828,8
814,12554,599,1818,7359,hotel_market,814,0.047713876055440495,0.00027136244096038424,0.00022614439620527037,-0.03618802395014895,454.30445267016995,48
815,1021,60,288,653,hotel_market,815,0.058765915768854066,4.298810945907077e-05,1.8392020752396132e-05,-0.02513598423673538,25.663839905706823,126
816,746,114,179,488,hotel_market,816,0.15281501340482573,2.6718304142964124e-05,1.34382443499388e-05,0.06891311339923628,-51.409182595830266,21
817,586,81,140,390,hotel_market,817,0.13822525597269625,2.0896997653714955e-05,1.055604717032726e-05,0.0543233559671068,-31.833486596724587,21
818,283,36,75,212,hotel_market,818,0.127208480565371,1.1194820171633012e-05,5.097886261437909e-06,0.043306580559781566,-12.255762298418183,21
819,362,50,85,234,hotel_market,819,0.13812154696132597,1.268746286118408e-05,6.520971118871107e-06,0.05421964695573653,-19.627512197976625,21
820,241,37,58,163,hotel_market,820,0.15352697095435686,8.657327599396195e-06,4.34130950178988e-06,0.06962507094876741,-16.779642098652946,21
821,13182,341,1864,7723,hotel_market,821,0.025868608708845397,0.0002782285973323191,0.00023745702013524566,-0.05803329129674405,764.99484587368,82
822,10738,441,2386,6751,hotel_market,822,0.04106910039113429,0.0003561445457268849,0.0001934314582166794,-0.04283279961445516,459.9386022600195,107
823,2264,114,435,1411,hotel_market,823,0.05035335689045936,6.492995699547148e-05,4.0783090091503274e-05,-0.033548543115130086,75.95390161265452,14
824,5342,721,1144,3486,hotel_market,824,0.13496817671284164,0.0001707583236846422,9.622935833428026e-05,0.051066276707252195,-272.7960501701412,50
825,830,134,218,564,hotel_market,825,0.1614457831325301,3.2539610632213286e-05,1.4951397869234859e-05,0.07754388312694066,-64.36142299536075,50
826,1100,134,313,740,hotel_market,826,0.12181818181818181,4.671971618294844e-05,1.981510560982933e-05,0.037916281812592365,-41.7079099938516,50
827,7460,527,1994,4345,hotel_market,827,0.07064343163538873,0.00029763295229648303,0.00013438244349938801,-0.013258468370200713,98.90817404169732,50
828,2952,383,615,1946,hotel_market,828,0.12974254742547425,9.17975254073907e-05,5.317653796383289e-05,0.045840647419884806,-135.32159118349995,50
829,3737,537,956,2503,hotel_market,829,0.1436981535991437,0.00014269664112108213,6.7317317876302e-05,0.059796253593554255,-223.45859967911224,50
830,1888,199,654,1255,hotel_market,830,0.10540254237288135,9.761883189663987e-05,3.400992671941616e-05,0.021500642367291906,-40.593212789447115,50
831,1149,75,354,697,hotel_market,831,0.06527415143603134,5.283955121010782e-05,2.0697778496085364e-05,-0.01862774856955811,21.40328310642227,50
832,2882,396,657,1878,hotel_market,832,0.13740458015267176,9.806662470350519e-05,5.1915576697752846e-05,0.053502680147082315,-154.19472418389122,50
833,1272,150,395,838,hotel_market,833,0.1179245283018868,5.8959386237267195e-05,2.2913467577911735e-05,0.03402262829629735,-43.27678319289023,50
834,1153,180,310,821,hotel_market,834,0.15611448395490027,4.627192337608312e-05,2.076983342557565e-05,0.07221258394931082,-83.26110929355538,50
835,2921,267,605,1774,hotel_market,835,0.09140705237932215,9.030488271783963e-05,5.261811226028316e-05,0.007505152373732699,-21.92255008367321,50
836,667,79,160,396,hotel_market,836,0.1184407796101949,2.3882283032817092e-05,1.2015159492505602e-05,0.03453887960460546,-23.03743269627184,50
837,2709,168,719,1726,hotel_market,837,0.06201550387596899,0.00010732100937872181,4.879920099729787e-05,-0.021886396129620456,59.29024711514182,50
838,2723,281,894,1714,hotel_market,838,0.10319500550863019,0.0001334422564458655,4.905139325051388e-05,0.01929310550304074,-52.535126284779935,50
839,2020,197,542,1308,hotel_market,839,0.09752475247524753,8.090123377366791e-05,3.6387739392595675e-05,0.013622852469658081,-27.518161988709323,50
840,267,30,103,186,hotel_market,840,0.11235955056179775,1.5374219702376005e-05,4.809666543476755e-06,0.028457650556208303,-7.598192698507617,21
841,2262,263,511,1475,hotel_market,841,0.11626878868258178,7.627404143605959e-05,4.074706262675813e-05,0.032366888676992334,-73.21390218735665,50
842,2951,426,688,1956,hotel_market,842,0.14435784479837344,0.0001026938170411135,5.315852423146032e-05,0.06045594479278399,-178.40549308350555,50
843,2184,286,622,1502,hotel_market,843,0.13095238095238096,9.284237529007644e-05,3.9341991501697505e-05,0.04705048094679151,-102.75825038779266,50
844,1082,125,312,713,hotel_market,844,0.11552680221811461,4.657045191399333e-05,1.9490858427123033e-05,0.03162490221252516,-34.21814419395222,50
845,981,139,250,677,hotel_market,845,0.14169215086646278,3.731606723877671e-05,1.7671471457493248e-05,0.05779025086087333,-56.69223609451674,50
846,2465,164,633,1495,hotel_market,846,0.0665314401622718,9.448428224858262e-05,4.440385029839027e-05,-0.017370459843317643,42.81818351377799,50
847,562,88,158,358,hotel_market,847,0.15658362989323843,2.358375449490688e-05,1.012371759338553e-05,0.07268172988764898,-40.84713219685873,50
848,1237,200,244,863,hotel_market,848,0.16168148746968472,3.6420481625046065e-05,2.228298694487171e-05,0.07777958746409527,-96.21334969308586,50
849,520,68,184,343,hotel_market,849,0.13076923076923078,2.7464625487739657e-05,9.367140833737501e-06,0.04686733076364133,-24.37101199709349,50
850,2349,212,772,1462,hotel_market,850,0.09025117071094083,0.00011523201563334248,4.231425734317191e-05,0.006349270705351379,-14.914436886870389,50
851,312,40,97,210,hotel_market,851,0.1282051282051282,1.4478634088645363e-05,5.620284500242501e-06,0.04430322819953875,-13.822607198256089,50
852,1122,141,291,744,hotel_market,852,0.12566844919786097,4.3435902265936084e-05,2.0211407722025918e-05,0.04176654919227152,-46.862068193728646,50
853,5671,482,1657,3647,hotel_market,853,0.08499382824898608,0.00024733089365861204,0.00010215587628485649,0.0010919282433966282,-6.192325068302279,50
854,589,78,143,413,hotel_market,854,0.13242784380305603,2.1344790460580276e-05,1.0610088367444977e-05,0.04852594379746658,-28.581780896707816,50
855,1879,239,398,1204,hotel_market,855,0.1271953166577967,5.9407179044132516e-05,3.384780312806301e-05,0.04329341665220726,-81.34832988949745,50
856,2120,288,452,1435,hotel_market,856,0.13584905660377358,6.746744956770829e-05,3.818911262985289e-05,0.051947156598184135,-110.12797198815036,50
857,3167,330,1187,2056,hotel_market,857,0.10419955794126934,0.0001771766872497118,5.70494904239359e-05,0.02029765793567989,-64.28268268229822,50
858,773,117,180,501,hotel_market,858,0.15135834411384216,2.686756841191923e-05,1.3924615123998247e-05,0.06745644410825272,-52.14383129567935,50
859,4006,461,813,2611,hotel_market,859,0.11507738392411383,0.00012135185066050185,7.21630118845239e-05,0.031175483918524385,-124.88898857760869,50
860,1008,134,242,689,hotel_market,860,0.13293650793650794,3.6121953087135854e-05,1.8157842231552695e-05,0.04903460793091849,-49.42688479436584,50
861,3519,430,675,2225,hotel_market,861,0.12219380505825518,0.00010075338154469711,6.339032421908128e-05,0.038291905052665734,-134.74921388033073,50
862,3405,325,651,2022,hotel_market,862,0.09544787077826726,9.717103908977454e-05,6.133675872860807e-05,0.011545970772677813,-39.31403048096795,50
863,2906,388,567,1900,hotel_market,863,0.13351686166551963,8.463284049754557e-05,5.234790627469458e-05,0.04961496165993018,-144.1810785837571,50
864,2084,339,475,1465,hotel_market,864,0.1626679462571977,7.090052775367575e-05,3.754061826444029e-05,0.07876604625160824,-164.14844038835156,50
865,422,52,148,278,hotel_market,865,0.12322274881516587,2.2091111805355812e-05,7.601795061225434e-06,0.039320848809576425,-16.59339819764125,50
866,596,82,107,373,hotel_market,866,0.13758389261744966,1.597127677819643e-05,1.0736184494052982e-05,0.05368199261186021,-31.994467596668688,50
867,1158,174,207,780,hotel_market,867,0.15025906735751296,3.089770367370711e-05,2.0859902087438512e-05,0.06635716735192351,-76.84159979352742,50
868,3825,440,691,2442,hotel_market,868,0.11503267973856209,0.00010314160984797882,6.890252632508836e-05,0.031130779732972638,-119.07523247862034,50
869,4556,572,877,3026,hotel_market,869,0.12554872695346794,0.0001309047638736287,8.207056468943857e-05,0.041646826947878496,-189.74294357453442,50
870,2091,314,510,1372,hotel_market,870,0.15016738402678145,7.612477716710448e-05,3.76667143910483e-05,0.066265484021192,-138.56112708831247,50
871,5879,845,1283,3999,hotel_market,871,0.14373192719850314,0.00019150605706940205,0.00010590273261835149,0.05983002719291369,-351.7407298671396,50
872,2858,300,897,1868,hotel_market,872,0.10496850944716585,0.00013389004925273083,5.1483247120811114e-05,0.0210666094415764,-60.20836978402535,50
873,1642,195,401,1087,hotel_market,873,0.11875761266747868,5.985497185099784e-05,2.957854855576342e-05,0.034855712661889235,-57.23308019082212,50
874,576,104,152,417,hotel_market,874,0.18055555555555555,2.268816888117624e-05,1.037590984660154e-05,0.0966536555499661,-55.672505596780475,50
875,914,148,265,626,hotel_market,875,0.16192560175054704,3.955503127310331e-05,1.6464551388530917e-05,0.0780237017449576,-71.31366339489124,50
876,3231,369,769,2113,hotel_market,876,0.11420612813370473,0.00011478422282647715,5.8202369295780516e-05,0.030304228128115285,-97.91296108194048,50
877,2549,141,720,1459,hotel_market,877,0.05531581012161632,0.00010747027364767692,4.591700381768633e-05,-0.028586089883973126,72.8659431142475,50
878,2310,315,719,1476,hotel_market,878,0.13636363636363635,0.00010732100937872181,4.1611721780641594e-05,0.052461736358046906,-121.18661098708836,50
879,8921,660,3026,5508,hotel_market,879,0.07398273736128237,0.00045167367785815327,0.00016070050649571587,-0.009919162644307075,88.48884994986342,50
880,1061,127,225,577,hotel_market,880,0.11969839773798303,3.358446051489904e-05,1.9112570047299016e-05,0.03579649773239359,-37.980084094069596,50
881,1618,231,373,1071,hotel_market,881,0.14276885043263288,5.5675572320254846e-05,2.9146218978821687e-05,0.05886695042704343,-95.24672579095628,50
882,3409,421,857,2235,hotel_market,882,0.1234966265767087,0.00012791947849452655,6.140881365809835e-05,0.03959472657111926,-134.97842288094554,50
883,393,61,102,251,hotel_market,883,0.15521628498727735,1.5224955433420897e-05,7.0793968224208424e-06,0.0713143849816879,-28.026553297803346,50
884,2249,307,766,1510,hotel_market,884,0.1365051133837261,0.00011433643001961184,4.051288410591469e-05,0.05260321337813664,-118.30462688742931,50
885,504,82,143,346,hotel_market,885,0.1626984126984127,2.1344790460580276e-05,9.078921115776347e-06,0.07879651269282326,-39.713442397182924,50
886,643,52,191,408,hotel_market,886,0.08087091757387248,2.8509475370425404e-05,1.1582829915563872e-05,-0.0030309824317169692,1.9489217035940112,50
887,9677,526,2024,5795,hotel_market,887,0.05435568874651235,0.0003021108803651362,0.00017431888816938037,-0.029546211259077096,285.91868635408906,50
888,1354,57,405,863,hotel_market,888,0.042097488921713444,6.045202892681827e-05,2.4390593632462647e-05,-0.041804411083876,56.603172607568105,105
889,12776,912,2029,7838,hotel_market,889,0.07138384470882905,0.00030285720170991176,0.00023014344479198139,-0.012518055296760394,159.93067447141078,105
890,21555,1023,3337,14254,hotel_market,890,0.04745998608211552,0.0004980948655031915,0.000388286001290792,-0.03644191392347393,785.5054546204806,105
891,9512,510,1765,5952,hotel_market,891,0.05361648444070648,0.00026345143470576357,0.000171346622327906,-0.03028541556488297,288.0748728531668,105
892,4165,236,807,2642,hotel_market,892,0.05666266506602641,0.0001204562650467712,7.502719533176287e-05,-0.02723923493956304,113.45141352328005,105
893,2159,304,580,1466,hotel_market,893,0.14080592867068087,8.657327599396196e-05,3.88916481923832e-05,0.05690402866509142,-122.85579788793238,50
894,1510,148,521,940,hotel_market,894,0.09801324503311258,7.776668412561065e-05,2.7200735882583897e-05,0.014111345027523134,-21.30813099155993,50
895,2922,191,718,1740,hotel_market,895,0.06536618754277893,0.0001071717451097667,5.263612599265573e-05,-0.018535712462810522,54.16135181633234,50
896,310,46,68,207,hotel_market,896,0.14838709677419354,1.0149970288947264e-05,5.584257035497357e-06,0.06448519676860409,-19.99041099826727,50
897,1953,242,471,1264,hotel_market,897,0.12391193036354327,7.030347067785531e-05,3.5180819323633345e-05,0.04001003035795382,-78.13958928908382,50
898,1092,141,196,739,hotel_market,898,0.12912087912087913,2.925579671520094e-05,1.9670995750848753e-05,0.04521897911528969,-49.379125193896336,50
899,600,97,133,391,hotel_market,899,0.16166666666666665,1.9852147771029207e-05,1.0808239423543271e-05,0.0777647666610772,-46.65885999664632,50
900,3000,409,669,2007,hotel_market,900,0.13633333333333333,9.985779593096647e-05,5.4041197117716355e-05,0.05243143332774389,-157.29429998323167,50
901,4214,488,1083,2692,hotel_market,901,0.11580446131941148,0.0001616532032783807,7.59098682180189e-05,0.031902561313822034,-134.43739337644604,50
902,556,95,105,393,hotel_market,902,0.17086330935251798,1.5672748240286216e-05,1.0015635199150097e-05,0.08696140934692853,-48.350543596892265,50
903,1559,206,310,957,hotel_market,903,0.13213598460551634,4.627192337608312e-05,2.8083408768839932e-05,0.048234084599926896,-75.19693789128603,50
904,1153,135,299,750,hotel_market,904,0.1170858629661752,4.4630016417576945e-05,2.076983342557565e-05,0.03318396296058575,-38.261109293555364,50
905,2161,276,537,1459,hotel_market,905,0.12771864877371586,8.015491242889236e-05,3.8927675657128345e-05,0.04381674876812641,-94.68799408792118,50
906,1142,170,258,763,hotel_market,906,0.14886164623467601,3.851018139041756e-05,2.057168236947736e-05,0.06495974622908657,-74.18403019361686,50
907,1046,145,223,635,hotel_market,907,0.13862332695984703,3.3285931976988825e-05,1.8842364061710436e-05,0.05472142695425758,-57.23861259415343,50
908,3123,511,664,2152,hotel_market,908,0.16362471982068524,9.911147458619094e-05,5.625688619954272e-05,0.0797228198150958,-248.97436628254417,50
909,1314,155,322,855,hotel_market,909,0.11796042617960426,4.8063094603544396e-05,2.3670044337559762e-05,0.03405852617401481,-44.752903392655455,50
910,17674,2106,2982,11864,hotel_market,910,0.11915808532307344,0.0004451060500241286,0.0003183747059528396,0.03525618531748399,-623.1178193012121,50
911,623,81,150,401,hotel_market,911,0.13001605136436598,2.2389640343266024e-05,1.122255526811243e-05,0.04611415135877653,-28.729116296517777,50
912,692,101,156,451,hotel_market,912,0.14595375722543352,2.3285225956996666e-05,1.2465502801819906e-05,0.062051857219844075,-42.9398851961321,50
913,312,47,70,224,hotel_market,913,0.15064102564102563,1.0448498826857477e-05,5.620284500242501e-06,0.06673912563543619,-20.82260719825609,50
914,1519,182,365,951,hotel_market,914,0.11981566820276497,5.448145816861399e-05,2.7362859473937048e-05,0.035913768197175525,-54.55301389150962,50
915,8451,644,1538,5275,hotel_market,915,0.07620399952668323,0.0002295684456529543,0.00015223405228060696,-0.007697900478906214,65.05495694723642,50
916,2523,160,589,1626,hotel_market,916,0.06341656757827982,8.791665441455792e-05,4.544864677599945e-05,-0.020485332427309627,51.68449371410219,105
917,4055,222,806,2711,hotel_market,917,0.05474722564734895,0.00012030700077781611,7.304568477077995e-05,-0.029154674358240498,118.22220452266522,105
918,7911,372,1355,5028,hotel_market,918,0.04702313234736443,0.00020225308443416976,0.00014250663679941803,-0.036878767658225016,291.7479309442181,105
919,26127,1287,3954,16576,hotel_market,919,0.04925938684119876,0.0005901909194484924,0.0004706447856981917,-0.03464251316439069,905.1049414460355,105
920,5287,308,935,3320,hotel_market,920,0.058256099867599775,0.00013956209147302488,9.523860305378879e-05,-0.02564580013798967,135.5893453295514,105
921,4102,263,860,2715,hotel_market,921,0.06411506582155047,0.0001283672713013919,7.389233019229083e-05,-0.01978683418403898,81.1655938229279,105
922,6362,293,790,3398,hotel_market,922,0.04605469977994341,0.00011791877247453439,0.00011460336535430382,-0.037847200225646034,240.78388783556008,5
923,1866,209,410,1324,hotel_market,923,0.1120042872454448,6.11983502715938e-05,3.3613624607219575e-05,0.02810238723985535,-52.439054589570084,34
924,7126,223,1038,4249,hotel_market,924,0.031293853494246425,0.0001549363111754009,0.00012836585688694892,-0.05260804651134302,374.88493943983036,105
925,652,101,129,413,hotel_market,925,0.1549079754601227,1.925509069520878e-05,1.1744953506917021e-05,0.07100607545453325,-46.29596119635568,21
926,11041,1370,1815,7363,hotel_market,926,0.124082963499683,0.0002709146481535189,0.00019888961912556876,0.04018106349409355,-443.63912203828687,50
927,419,67,98,280,hotel_market,927,0.15990453460620524,1.462789835760047e-05,7.5477538641077175e-06,0.07600263460061579,-31.845103897658017,50
928,2596,373,676,1731,hotel_market,928,0.14368258859784283,0.00010090264581365222,4.676364923919722e-05,0.059780688592253384,-155.1906675854898,50
929,4232,564,843,2690,hotel_market,929,0.1332703213610586,0.00012582977872915507,7.62341154007252e-05,0.04936842135546915,-208.92715917634544,50
930,3476,408,688,2237,hotel_market,930,0.11737629459148446,0.0001026938170411135,6.261573372706069e-05,0.03347439458589502,-116.35699558057108,50
931,2851,390,585,1949,hotel_market,931,0.13679410733076114,8.73195973387375e-05,5.1357150994203106e-05,0.05289220732517169,-150.7956830840645,50
932,9726,888,2094,6271,hotel_market,932,0.09130166563849476,0.0003125593791919937,0.00017520156105563643,0.007399765632905314,-71.97012054563709,198
933,1354,206,349,901,hotel_market,933,0.15214180206794684,5.2093229865332285e-05,2.4390593632462647e-05,0.06823990206235739,-92.3968273924319,50
934,16773,1303,2394,10424,hotel_market,934,0.07768437369582067,0.00035733865987852575,0.00030214433308515214,-0.006217526309768781,104.28656879375177,63
935,2230,339,644,1501,hotel_market,935,0.15201793721973095,9.612618920708879e-05,4.0170623190835826e-05,0.0681160372141415,-151.89876298753555,50
936,2350,362,572,1528,hotel_market,936,0.15404255319148935,8.53791618423211e-05,4.233227107554448e-05,0.0701406531858999,-164.83053498686476,50
937,2600,413,595,1826,hotel_market,937,0.15884615384615386,8.881224002828856e-05,4.6835704168687506e-05,0.07494425384056441,-194.85505998546748,198
938,9929,1180,2206,6575,hotel_market,938,0.11884379091550006,0.00032927697731496565,0.00017885834872726855,0.03494189090991061,-346.93803484450245,198
939,6840,585,1249,4297,hotel_market,939,0.08552631578947369,0.00018643107192492842,0.0001232139294283933,0.0016244157838842394,-11.111003961768198,63
940,533,26,143,285,hotel_market,940,0.04878048780487805,2.1344790460580276e-05,9.601319354580939e-06,-0.0351214122007114,18.719712702979173,104
941,14269,1014,2158,8796,hotel_market,941,0.07106314387833766,0.00032211229240512057,0.00025703794722423156,-0.012838756127251785,183.19621117975572,204
942,5405,225,1189,3618,hotel_market,942,0.041628122109158186,0.00017747521578762203,9.73642234737523e-05,-0.04227377789643126,228.48976953021096,105
943,14421,1091,2268,9178,hotel_market,943,0.0756535607794189,0.0003385313619901823,0.0002597760345448625,-0.008248339226170548,118.94929998060547,204
944,4164,338,910,2679,hotel_market,944,0.08117195004803074,0.00013583048474914721,7.50091815993903e-05,-0.0027299499575587083,11.367511623274462,204
945,11011,1129,2109,7169,hotel_market,945,0.10253382980655708,0.0003147983432263203,0.0001983492071543916,0.01863192980096763,-205.15617903845458,50
946,9907,1265,2456,6527,hotel_market,946,0.12768749369132937,0.0003665930445537424,0.00017846204661507196,0.04378559368573992,-433.7838766446254,50
947,8476,1005,2123,5511,hotel_market,947,0.11857008022652195,0.0003168880429916918,0.00015268439558992127,0.0346681802209325,-293.84749555262385,50
948,1285,153,464,866,hotel_market,948,0.11906614785992217,6.925862079516956e-05,2.3147646098755172e-05,0.035164247854332725,-45.18605849281755,50
949,2350,332,641,1522,hotel_market,949,0.14127659574468085,9.567839640022348e-05,4.233227107554448e-05,0.0573746957390914,-134.8305349868648,50
950,1969,262,547,1301,hotel_market,950,0.13306246825799897,8.164755511844344e-05,3.5469039041594504e-05,0.049160568252409526,-96.79715888899436,50
951,121672,6854,14897,70638,hotel_market,951,0.056331777237162206,0.0022235898146242264,0.0021917668452355946,-0.02757012276842724,3354.511977480079,208
952,3077,308,1015,1939,hotel_market,952,0.10009749756256094,0.00015150323298943343,5.542825451040441e-05,0.01619559755697149,-49.83385368280127,50
953,17701,2181,2966,11880,hotel_market,953,0.12321337777526693,0.0004427178217208469,0.00031886107672689907,0.039311477769677486,-695.8524680010612,50
954,6971,788,1542,4583,hotel_market,954,0.11303973604934729,0.00023016550272877474,0.00012557372836920024,0.029137836043757845,-203.11985506103593,198
955,2850,369,600,1793,hotel_market,955,0.12947368421052632,8.95585613730641e-05,5.1339137261830534e-05,0.04557178420493688,-129.8795849840701,198
956,2687,153,471,1619,hotel_market,956,0.056940826200223296,7.030347067785531e-05,4.840289888510128e-05,-0.02696107380536615,72.44440531501884,5
957,3012,389,781,2024,hotel_market,957,0.1291500664010624,0.00011657539405393843,5.425736190618722e-05,0.045248166395472966,-136.28747718316458,198
958,2188,95,461,1212,hotel_market,958,0.04341864716636198,6.881082798830425e-05,3.941404643118779e-05,-0.04048325283922747,88.5773572122297,5
959,2867,143,567,1868,hotel_market,959,0.049877921171956746,8.463284049754557e-05,5.1645370712164265e-05,-0.0340239788336327,97.54674731602495,63
960,14610,1273,4287,9543,hotel_market,960,0.08713210130047912,0.000639895921010543,0.00026318062996327866,0.0032302012948896702,-47.193240918338084,198
961,2182,292,418,1471,hotel_market,961,0.13382218148487626,6.239246442323466e-05,3.930596403695236e-05,0.049920281479286815,-108.92605418780383,198
962,32073,2344,4416,20813,hotel_market,962,0.07308327877030524,0.0006591510117057518,0.0005777544383855055,-0.01081862123528421,346.9856388792704,63
963,6599,992,1225,4532,hotel_market,963,0.15032580694044553,0.00018284872947000588,0.0001188726199266034,0.06642390693485609,-438.3313618631153,198
964,3830,430,1008,2579,hotel_market,964,0.1122715404699739,0.00015045838310674768,6.899259498695121e-05,0.02836964046438445,-108.65572297859244,198
965,3844,507,747,2409,hotel_market,965,0.13189386056191468,0.0001115004089094648,6.924478724016722e-05,0.047991960556325236,-184.4810963785142,50
966,48455,2138,4963,27162,hotel_market,966,0.04412341347642142,0.0007407985668241952,0.000872855402112982,-0.039778486529168024,1927.4665647708366,63
967,18900,2534,3994,12450,hotel_market,967,0.13407407407407407,0.0005961614902066966,0.000340459541841613,0.05017217406848462,-948.2540898943594,50
968,3838,484,1149,2508,hotel_market,968,0.12610734757686295,0.00017150464502941774,6.91367048459318e-05,0.04220544757127351,-161.9845077785477,50
969,11772,1413,2354,7691,hotel_market,969,0.12003058103975535,0.0003513680891203215,0.000212057657489919,0.0361286810341659,-425.306833134201,50
970,10712,1091,3362,7077,hotel_market,970,0.10184839432412247,0.0005018264722270692,0.00019296310117499253,0.017946494318533027,-192.24284714012578,50
971,969,94,306,632,hotel_market,971,0.09700722394220847,4.567486630026269e-05,1.7455306669022382e-05,0.01310532393661902,-12.69905889458383,50
972,4365,377,1281,2699,hotel_market,972,0.086368843069874,0.00019120752853149186,7.862994180627729e-05,0.002466943064284549,-10.768206475602057,50
973,5180,557,1272,3403,hotel_market,973,0.10752895752895753,0.0001898641501108959,9.331113368992357e-05,0.023627057523368078,-122.38815797104664,50
974,8137,701,1313,5242,hotel_market,974,0.0861496866166892,0.00019598398513805528,0.00014657774031561933,0.0022477866110997557,-18.29023965451871,63
975,4471,463,884,2825,hotel_market,975,0.10355625139789756,0.00013194961375631443,8.053939743776995e-05,0.019654351392308117,-87.8746050750096,198
976,382,40,127,279,hotel_market,976,0.10471204188481675,1.895656215729857e-05,6.881245766322549e-06,0.020810141879227306,-7.949474197864831,109
977,11646,707,1955,6997,hotel_market,977,0.06070753906920831,0.00029181164580723386,0.0002097879272109749,-0.023194360936381136,270.12152746509474,105
978,941,45,258,577,hotel_market,978,0.04782146652497343,3.851018139041756e-05,1.6950922162590364e-05,-0.036080433480616014,33.95168790525967,63
979,1689,125,386,1065,hotel_market,979,0.07400828892835998,5.761600781667124e-05,3.0425193977274308e-05,-0.00989361107722947,16.710309109440573,208
980,1118,86,234,662,hotel_market,980,0.07692307692307693,3.4927838935495e-05,2.0139352792535628e-05,-0.00697882308251252,7.802324206248997,99
981,1710,140,441,1072,hotel_market,981,0.08187134502923976,6.582554260920212e-05,3.0803482357098325e-05,-0.0020305549763496855,3.472249009557962,198
982,8397,548,1117,5122,hotel_market,982,0.06526140288198166,0.00016672818842285433,0.00015126131073248808,-0.018640497123607783,156.52425434693455,99
983,2163,193,408,1372,hotel_market,983,0.0892279241793805,6.089982173368359e-05,3.896370312187349e-05,0.00532602417379105,-11.52019028791004,8
984,4962,621,1009,3333,hotel_market,984,0.12515114873035066,0.0001506076473757028,8.938414003270285e-05,0.04124924872476121,-204.67877217226513,50
985,3061,386,690,2072,hotel_market,985,0.12610258085592943,0.00010299234557902371,5.5140034792443256e-05,0.04220068085033998,-129.17628408289067,50
986,3238,352,815,2162,hotel_market,986,0.10870907967881409,0.00012165037919841207,5.832846542238852e-05,0.02480717967322464,-80.3256477819014,198
987,5726,316,881,3203,hotel_market,987,0.05518686692280824,0.00013150182094944911,0.00010314663156534794,-0.028715033082781206,164.42227943200518,104
988,13172,785,2436,8161,hotel_market,988,0.059596112966899484,0.00036360775917464026,0.00023727688281151993,-0.024305787038689963,320.1558268736242,198
989,1758,237,484,1174,hotel_market,989,0.1348122866894198,7.224390617427171e-05,3.166814151098178e-05,0.050910386683830355,-89.50045979017376,50
990,1596,227,444,1079,hotel_market,990,0.14223057644110276,6.627333541606743e-05,2.87499168666251e-05,0.058328676435513316,-93.09256759107924,50
991,4160,426,1060,2709,hotel_market,991,0.10240384615384615,0.00015822012509241325,7.493712666990001e-05,0.018501946148256704,-76.96809597674789,50
992,1638,94,790,1103,hotel_market,992,0.057387057387057384,0.00011791877247453439,2.950649362627313e-05,-0.026514842618532063,43.43131220915552,50
993,10878,1074,3622,7044,hotel_market,993,0.09873138444567016,0.0005406351821553969,0.0001959533807488395,0.014829484440080712,-161.315131739198,50
994,2356,305,783,1554,hotel_market,994,0.12945670628183362,0.00011687392259184865,4.244035346977991e-05,0.04555480627624417,-107.32712358683126,50
995,881,59,218,598,hotel_market,995,0.06696935300794551,3.2539610632213286e-05,1.5870098220236037e-05,-0.016932546997643932,14.917573904924305,63
996,23204,911,3433,12052,hotel_market,996,0.03926047233235649,0.0005124242353228818,0.00041799064597316344,-0.04464142767323296,1035.8596877296975,200
997,1639,105,228,1002,hotel_market,997,0.06406345332519829,3.403225332176436e-05,2.95245073586457e-05,-0.019838446680391156,32.51521410916111,162
998,17097,625,2099,9693,hotel_market,998,0.03655612095689302,0.0003133057005367692,0.0003079807823738655,-0.047345779048696426,809.4707843955628,162
999,112,5,35,57,hotel_market,999,0.044642857142857144,5.224249413428739e-06,2.0175380257280773e-06,-0.0392590428627323,4.397012800626018,99
1000,6550,448,795,3842,hotel_market,1000,0.0683969465648855,0.00011866509381930994,0.00011798994704034737,-0.015504953440703947,101.55744503661086,99
1001,7096,569,1187,4511,hotel_market,1001,0.08018602029312288,0.0001771766872497118,0.00012782544491577176,-0.0037158797124665632,26.367882439662733,63
1002,194,13,73,144,hotel_market,1002,0.06701030927835051,1.0896291633722798e-05,3.494664080278991e-06,-0.016891590727238934,3.276968601084353,63
1003,57321,3931,6556,35693,hotel_market,1003,0.06857870588440537,0.0009785765472696804,0.0010325651533282063,-0.015323194121184075,878.3408102203923,104
1004,1929,198,384,1276,hotel_market,1004,0.1026438569206843,5.731747927876102e-05,3.474848974669161e-05,0.01874195691509485,-36.15323488921797,99
1005,897,66,230,590,hotel_market,1005,0.07357859531772576,3.433078185967457e-05,1.615831793819719e-05,-0.010323304687863688,9.260004305013728,63
1006,3721,460,917,2509,hotel_market,1006,0.1236226820747111,0.00013687533463183297,6.702909815834086e-05,0.03972078206912165,-147.80103007920167,198
1007,1393,191,373,936,hotel_market,1007,0.13711414213926776,5.5675572320254846e-05,2.509312919499296e-05,0.05321224213367831,-74.12465329221389,198
1008,56,3,11,34,hotel_market,1008,0.05357142857142857,1.6419069585061752e-06,1.0087690128640386e-06,-0.03033047143416088,1.6985064003130093,99
1009,530,51,136,391,hotel_market,1009,0.09622641509433963,2.0299940577894528e-05,9.547278157463222e-06,0.012324515088750182,-6.531992997037596,58
1010,3689,339,1526,2392,hotel_market,1010,0.09189482244510708,0.00022777727442549302,6.645265872241854e-05,0.00799292243951763,-29.485890879380538,50
1011,2612,335,735,1701,hotel_market,1011,0.1282542113323124,0.00010970923768200352,4.705186895715837e-05,0.04435231132672296,-115.84823718540036,50
1012,8273,469,1784,5203,hotel_market,1012,0.056690438776743624,0.0002662874558159106,0.00014902760791828912,-0.027211461228845824,225.1204187462415,50
1013,9472,900,1758,5831,hotel_market,1013,0.09501689189189189,0.0002624065848230778,0.0001706260730330031,0.011114991886302439,-105.2812031470567,144
1014,4098,139,865,2453,hotel_market,1014,0.03391898487066862,0.00012911359264616742,7.382027526280054e-05,-0.04998291513492083,204.82998622290555,66
1015,23666,2634,4056,15935,hotel_market,1015,0.11129890982844587,0.0006054158748819133,0.00042631299032929175,0.027397009822856422,-648.3776344677201,50
1016,289,14,84,192,hotel_market,1016,0.04844290657439446,1.2538198592228973e-05,5.205968655673342e-06,-0.035458993431194984,10.24764910161535,99
1017,1281,125,293,848,hotel_market,1017,0.0975800156128025,4.37344308038463e-05,2.3075591169264883e-05,0.013678115607213048,-17.521666092839915,198
1018,4073,480,1232,2573,hotel_market,1018,0.11784925116621654,0.0001838935793526916,7.336993195348623e-05,0.033947351160627096,-138.26756127723417,50
1019,1750,252,499,1176,hotel_market,1019,0.144,7.44828702085983e-05,3.152403165200121e-05,0.06009809999441054,-105.17167499021845,50
1020,16696,1142,2202,9807,hotel_market,1020,0.06839961667465261,0.00032867992023914526,0.0003007572756924641,-0.015502283330936839,258.82612249332146,144
1021,7271,735,2090,4908,hotel_market,1021,0.10108650804566084,0.0003119623221161733,0.00013097784808097188,0.017184608040071395,-124.94928505935911,50
1022,597,66,167,423,hotel_market,1022,0.11055276381909548,2.492713291550284e-05,1.0754198226425555e-05,0.026650863813506037,-15.910565696663104,63
1023,65491,2157,6246,34487,hotel_market,1023,0.03293582324288834,0.0009323046238935973,0.0011797373468121206,-0.05096607676270111,3337.8193332660585,63
1024,227,26,80,171,hotel_market,1024,0.1145374449339207,1.1941141516408546e-05,4.089117248573871e-06,0.03063554492833126,-6.954268698731196,63
1025,2287,200,929,1496,hotel_market,1025,0.08745080891998251,0.00013866650585929425,4.1197405936072434e-05,0.0035489089143930647,-8.116354687216939,50
1026,453,58,121,308,hotel_market,1026,0.1280353200883002,1.8060976543567927e-05,8.160220764775169e-06,0.04413342008271076,-19.992439297467975,63
1027,918,121,203,589,hotel_market,1027,0.1318082788671024,3.0300646597886688e-05,1.6536606318021203e-05,0.047906378861512944,-43.97805579486888,50
1028,857,83,245,542,hotel_market,1028,0.09684947491248541,3.6569745894001175e-05,1.5437768643294306e-05,0.012947574906895964,-11.096071695209842,50
1029,4550,409,828,3049,hotel_market,1029,0.08989010989010988,0.00012359081469482845,8.196248229520314e-05,0.005988209884520437,-27.24635497456799,63
1030,10695,1118,1968,6861,hotel_market,1030,0.10453482935951379,0.0002937520813036502,0.00019265686772465882,0.020632929353924342,-220.66917944022083,50
1031,658,99,170,432,hotel_market,1031,0.15045592705167174,2.537492572236816e-05,1.1853035901152454e-05,0.06655402704608229,-43.79254979632215,50
1032,56806,2044,5584,27246,hotel_market,1032,0.035982114565362815,0.0008334916778453166,0.0010232880811563317,-0.04791978544022663,2722.131331717514,88
1033,54734,3622,5409,34642,hotel_market,1033,0.06617458983447218,0.0008073704307781729,0.0009859636276803624,-0.01772731017111727,970.2865949059326,99
1034,3288,226,509,1953,hotel_market,1034,0.06873479318734793,7.597551289814937e-05,5.9229152041017124e-05,-0.015167106818241516,49.869447218378106,99
1035,3336,200,899,1944,hotel_market,1035,0.05995203836930456,0.00013418857779064105,6.009381119490059e-05,-0.02394986163628489,79.8967384186464,50
1036,2353,106,439,1570,hotel_market,1036,0.04504887377815554,6.55270140712919e-05,4.238631227266219e-05,-0.038853026227433904,91.42117071315198,162
1037,6410,774,1342,4246,hotel_market,1037,0.12074882995319813,0.00020031264893775338,0.00011546802450818728,0.036846929947608686,-236.18882096417167,198
1038,11124,682,1402,6962,hotel_market,1038,0.06130888169723121,0.00020926850507505977,0.00020038475891249224,-0.022593018308358234,251.324735662177,99
1039,59392,3479,6295,35107,hotel_market,1039,0.058576912715517244,0.0009396185730723975,0.0010698715930718033,-0.025324987290072203,1504.1016451319683,162
1040,1816,123,307,1101,hotel_market,1040,0.06773127753303965,4.58241305692178e-05,3.271293798859097e-05,-0.0161706224725498,29.365850410150436,99
1041,900,84,211,579,hotel_market,1041,0.09333333333333334,3.149476074952754e-05,1.6212359135314908e-05,0.00943143332774389,-8.488289994969502,144
1042,14523,1627,3543,9707,hotel_market,1042,0.11202919506988915,0.0005288433049079435,0.00026161343524686487,0.0281272950642997,-408.49270621882454,50
1043,430,42,131,267,hotel_market,1043,0.09767441860465116,1.9553619233118995e-05,7.74590492020601e-06,0.013772518599061714,-5.922182997596537,99
1044,307,23,67,216,hotel_market,1044,0.0749185667752443,1.0000706019992158e-05,5.53021583837964e-06,-0.008983333230345142,2.7578833017159585,99
1045,11306,702,1752,6795,hotel_market,1045,0.06209092517247479,0.00026151099920934716,0.00020366325820430037,-0.021810974833114657,246.59488146319433,63
1046,239,14,44,147,hotel_market,1046,0.058577405857740586,6.567627834024701e-06,4.305282037044736e-06,-0.02532449414784886,6.052554101335878,99
1047,16096,740,2112,9468,hotel_market,1047,0.0459741550695825,0.0003152461360331856,0.0002899490362689208,-0.037927744936006945,610.4849824899678,162
1048,4290,443,1124,2714,hotel_market,1048,0.10326340326340326,0.00016777303830554008,7.727891187833439e-05,0.019361503257813814,-83.06084897602126,50
1049,5137,389,836,3170,hotel_market,1049,0.0757251313996496,0.00012478492884646932,9.253654319790297e-05,-0.008176768605939841,42.00406032871296,162
1050,2698,130,553,1690,hotel_market,1050,0.048183839881393624,8.254314073217408e-05,4.860104994119958e-05,-0.03571806012419582,96.36732621508033,63
1051,1104,119,419,684,hotel_market,1051,0.10778985507246377,6.254172869218976e-05,1.988716053931962e-05,0.023887955066874328,-26.37230239382926,50
1052,4137,486,1500,2675,hotel_market,1052,0.11747643219724438,0.00022389640343266026,7.452281082533086e-05,0.03357453219165493,-138.89783967687646,50
1053,2730,420,685,1811,hotel_market,1053,0.15384615384615385,0.00010224602423424818,4.917748937712188e-05,0.06994425384056441,-190.94781298474084,50
1054,3192,424,980,2130,hotel_market,1054,0.13283208020050125,0.0001462789835760047,5.74998337332502e-05,0.0489301801949118,-156.18513518215846,50
1055,1290,216,346,873,hotel_market,1055,0.16744186046511628,5.1645437058466964e-05,2.3237714760618034e-05,0.08353996045952683,-107.76654899278961,50
1056,3067,498,825,2032,hotel_market,1056,0.16237365503749593,0.00012314302188796313,5.5248117186678686e-05,0.07847175503190648,-240.6728726828572,50
1057,2593,370,699,1693,hotel_market,1057,0.14269186270728884,0.00010433572399961968,4.6709608042079505e-05,0.058789962701699394,-152.44237328550653,50
1058,6714,728,2163,4283,hotel_market,1058,0.10843014596365803,0.0003228586137498961,0.0001209441991494492,0.024528245958068587,-164.6826433624725,50
1059,6517,735,1662,4084,hotel_market,1059,0.11278195488721804,0.0002480772150033876,0.00011739549387205249,0.028880054881628592,-188.21131766357354,50
1060,122,15,32,78,hotel_market,1060,0.12295081967213115,4.776456606563419e-06,2.1976753494537983e-06,0.0390489196665417,-4.763968199318088,5
1061,4144,600,1146,2818,hotel_market,1061,0.14478764478764478,0.00017105685222255243,7.464890695193885e-05,0.06088574478205533,-252.3105263768373,50
1062,940,134,291,637,hotel_market,1062,0.1425531914893617,4.3435902265936084e-05,1.6932908430217792e-05,0.05865129148377227,-55.13221399474593,50
1063,1704,245,442,1115,hotel_market,1063,0.1437793427230047,6.597480687815721e-05,3.069539996286289e-05,0.05987744271741524,-102.03116239047557,50
1064,242,29,111,168,hotel_market,1064,0.11983471074380166,1.6568333854016858e-05,4.359323234162453e-06,0.03593281073821221,-8.695740198647355,50
1065,1071,41,175,676,hotel_market,1065,0.03828197945845005,2.6121247067143694e-05,1.929270737102474e-05,-0.0456199205471394,48.858934905986295,104
1066,791,74,148,518,hotel_market,1066,0.09355246523388117,2.2091111805355812e-05,1.4248862306704546e-05,0.009650565228291719,-7.633597095578749,99
1067,1995,140,388,1362,hotel_market,1067,0.07017543859649122,5.791453635458145e-05,3.593739608328138e-05,-0.013726461409098223,27.384290511150954,104
1068,8086,506,1194,4666,hotel_market,1068,0.0625772940885481,0.00017822153713239756,0.00014565903996461814,-0.021324605917041342,172.4307634451963,151
1069,2922,305,977,1944,hotel_market,1069,0.10438056125941136,0.00014583119076913938,5.263612599265573e-05,0.020478661253821917,-59.838648183667644,50
1070,641,68,156,408,hotel_market,1070,0.1060842433697348,2.3285225956996666e-05,1.1546802450818727e-05,0.022182343364145346,-14.218882096417166,5
1071,1910,206,499,1255,hotel_market,1071,0.10785340314136126,7.44828702085983e-05,3.4406228831612746e-05,0.02395150313577181,-45.74737098932415,50
1072,4115,381,619,2800,hotel_market,1072,0.09258809234507898,9.239458248321113e-05,7.412650871313427e-05,0.008686192339489529,-35.74368147699941,38
1073,125,17,48,76,hotel_market,1073,0.136,7.1646849098451275e-06,2.251716546571515e-06,0.05209809999441056,-6.51226249930132,151
1074,2354,57,1087,1350,hotel_market,1074,0.024214103653355988,0.00016225026035420113,4.2404326005034765e-05,-0.05968779635223346,140.50507261315755,130
1075,499,39,106,285,hotel_market,1075,0.0781563126252505,1.5822012509241325e-05,8.988852453913488e-06,-0.005745587380338951,2.867048102789137,151
1076,4014,515,1266,2542,hotel_market,1076,0.12830094668659692,0.00018896856449716524,7.230712174350448e-05,0.04439904668100747,-178.217773377564,50
1077,7486,842,2009,4857,hotel_market,1077,0.11247662302965536,0.00029987191633080963,0.0001348508005410749,0.028574723024065912,-213.91037655815742,50
1078,6942,426,1547,4352,hotel_market,1078,0.06136560069144339,0.00023091182407355027,0.00012505133013039564,-0.02253629931414606,156.44698983880195,106
1079,3204,119,562,1733,hotel_market,1079,0.03714107365792759,8.388651915277004e-05,5.771599852172107e-05,-0.046760826347661856,149.8216876179086,104
1080,1102,25,266,638,hotel_market,1080,0.022686025408348458,3.9704295542058414e-05,1.9851133074574475e-05,-0.06121587459724099,67.45989380615957,104
1081,2095,181,465,1242,hotel_market,1081,0.0863961813842482,6.940788506412467e-05,3.7738769320538586e-05,0.002494281378658758,-5.225519488290098,99
1082,3924,547,683,2538,hotel_market,1082,0.13939857288481142,0.00010194749569633797,7.068588582997299e-05,0.05549667287922197,-217.768944378067,50
1083,3769,279,638,2403,hotel_market,1083,0.07402494030246749,9.523060359335816e-05,6.789375731222432e-05,-0.009876959703121954,37.22626112106664,63
1084,921,55,202,539,hotel_market,1084,0.05971769815418024,3.015138232893158e-05,1.659064751513892e-05,-0.02418420185140921,22.27364990514788,99
1085,3281,225,927,2027,hotel_market,1085,0.06857665345931119,0.00013836797732138403,5.910305591440912e-05,-0.01532524654627826,50.28213391833897,170
1086,1389,114,289,906,hotel_market,1086,0.08207343412526998,4.313737372802587e-05,2.5021074265502673e-05,-0.0018284658803194714,2.539739107763746,212
1087,4526,542,1126,2948,hotel_market,1087,0.11975254087494476,0.0001680715668434503,8.15301527182614e-05,0.03585064086935531,-162.26000057470213,50
1088,801,25,173,462,hotel_market,1088,0.031210986267166042,2.5822718529233482e-05,1.4428999630430267e-05,-0.052690913738423405,42.20542190447715,104
1089,43359,3206,6480,27611,hotel_market,1089,0.07394081966835028,0.0009672324628290923,0.0007810574219423545,-0.009961080337239164,431.9024823423529,46
1090,1611,244,305,1083,hotel_market,1090,0.15145872129112353,4.552560203130759e-05,2.9020122852213682e-05,0.06755682128553409,-108.83403909099542,50
1091,1389,113,293,897,hotel_market,1091,0.08135349172066235,4.37344308038463e-05,2.5021074265502673e-05,-0.002548408284927098,3.539739107763739,166
1092,5175,135,786,2876,hotel_market,1092,0.02608695652173913,0.00011732171539871397,9.322106502806072e-05,-0.057814943483850315,299.19233252892536,208
1093,797,23,143,403,hotel_market,1093,0.028858218318695106,2.1344790460580276e-05,1.4356944700939978e-05,-0.055043681686894344,43.86981430445479,104
1094,2639,140,1068,1592,hotel_market,1094,0.05305039787798409,0.0001594142392440541,4.753823973121782e-05,-0.03085150212760536,81.41711411475055,50
1095,285,34,88,199,hotel_market,1095,0.11929824561403508,1.3135255668049401e-05,5.133913726183053e-06,0.03539634560844564,-10.087958498407007,198
1096,587,84,176,417,hotel_market,1096,0.14310051107325383,2.6270511336098803e-05,1.0574060902699834e-05,0.059198611067664386,-34.749584696719,198
1097,853,114,232,546,hotel_market,1097,0.1336459554513482,3.462931039758478e-05,1.5365713713804016e-05,0.049744055445758745,-42.43167929523221,50
1098,1323,149,385,858,hotel_market,1098,0.1126228269085412,5.746674354771613e-05,2.3832167928912913e-05,0.02872092690295175,-37.99778629260516,50
1099,1749,211,387,1090,hotel_market,1099,0.12064036592338478,5.776527208562634e-05,3.150601791962864e-05,0.03673846591779534,-64.25557689022405,50
1100,2518,336,474,1661,hotel_market,1100,0.13343923749007147,7.075126348472064e-05,4.5358578114136595e-05,0.049537337484482025,-124.73501578592574,50
1101,4878,567,1523,3031,hotel_market,1101,0.11623616236162361,0.0002273294816186277,8.78709865134068e-05,0.03233426235603416,-157.72653177273466,50
1102,744,107,236,481,hotel_market,1102,0.14381720430107528,3.522636747340521e-05,1.3402216885193656e-05,0.05991530429548583,-44.57698639584146,50
1103,1047,139,358,715,hotel_market,1103,0.13276026743075453,5.343660828592825e-05,1.8860377794083007e-05,0.04885836742516508,-51.154710694147845,50
1104,796,126,315,538,hotel_market,1104,0.15829145728643215,4.701824472085865e-05,1.4338930968567406e-05,0.0743895572808427,-59.214087595550794,50
1105,589,55,240,379,hotel_market,1105,0.0933786078098472,3.582342454922564e-05,1.0610088367444977e-05,0.009476707804257758,-5.58178089670782,50
1106,1756,205,404,1141,hotel_market,1106,0.11674259681093394,6.030276465786316e-05,3.163211404623664e-05,0.03284069680534449,-57.66826359018492,198
1107,11599,1370,1526,7400,hotel_market,1107,0.11811363048538667,0.00022777727442549302,0.000208941281789464,0.034211730479797225,-396.821861835168,50
1108,130494,7235,12445,75185,hotel_market,1108,0.05544316213772281,0.0018575938271463044,0.002350683992226426,-0.028458737867866638,3713.694539329389,63
1109,22,1,9,12,hotel_market,1109,0.045454545454545456,1.3433784205959616e-06,3.963021121965866e-07,-0.03844735455104399,0.8458418001229678,130
1110,1990,249,771,1284,hotel_market,1110,0.12512562814070352,0.00011508275136438737,3.5847327421418514e-05,0.041223728135114074,-82.035218988877,50
1111,3553,333,1206,2211,hotel_market,1111,0.09372361384745286,0.00018001270835985884,6.400279111974873e-05,0.009821713841863408,-34.89654928014069,50
1112,2843,364,863,1793,hotel_market,1112,0.12803376714737952,0.0001288150641082572,5.121304113522253e-05,0.04413186714179007,-125.46689828410918,50
1113,3935,155,921,2442,hotel_market,1113,0.03939008894536213,0.0001374723917076534,7.088403688607129e-05,-0.044511811060227315,175.15397652199448,49
1114,599,60,212,363,hotel_market,1114,0.1001669449081803,3.164402501848265e-05,1.0790225691170698e-05,0.016265044902590856,-9.742761896651922,50
1115,8593,855,1395,5622,hotel_market,1115,0.09949959269172583,0.00020822365519237402,0.00015479200227751222,0.01559769268613638,-134.03097325196993,204
1116,9951,1519,1447,6831,hotel_market,1116,0.1526479750778816,0.0002159853971780396,0.00017925465083946514,0.06874607507229216,-684.0921930443793,50
1117,887,65,194,547,hotel_market,1117,0.07328072153325817,2.8957268177290725e-05,1.597818061447147e-05,-0.01062117847233128,9.420985304957846,82
1118,3091,212,906,1895,hotel_market,1118,0.06858621805241022,0.00013523342767332678,5.568044676362042e-05,-0.015315681953179228,47.34077291727699,50
1119,3491,436,808,2285,hotel_market,1119,0.12489258092237181,0.00012060552931572632,6.288593971264927e-05,0.04099068091678236,-143.0984670804872,50
1120,4241,421,1260,2673,hotel_market,1120,0.09926904032067908,0.0001880729788834346,7.639623899207836e-05,0.015367140315089636,-65.17204207629514,50
1121,3371,450,865,2217,hotel_market,1121,0.13349154553544942,0.00012911359264616742,6.072429182794061e-05,0.04958964552985998,-167.166695081158,50
1122,6505,767,912,4448,hotel_market,1122,0.11790930053804766,0.00013612901328705743,0.00011717932908358163,0.03400740053245821,-221.21814046364065,50
1123,552,81,156,388,hotel_market,1123,0.14673913043478262,2.3285225956996666e-05,9.94358026965981e-06,0.06283723042919317,-34.68615119691463,50
1124,2434,312,745,1576,hotel_market,1124,0.12818405916187345,0.00011120188037155458,4.384542459484053e-05,0.044282159156284,-107.78277538639526,50
1125,2173,364,590,1491,hotel_market,1125,0.1675103543488265,8.806591868351303e-05,3.914384044559921e-05,0.08360845434323705,-181.6811712878541,50
1126,2077,288,541,1347,hotel_market,1126,0.1386615310544054,8.07519695047128e-05,3.741452213783229e-05,0.054759631048815954,-113.73575368839073,50
1127,1104,157,365,746,hotel_market,1127,0.14221014492753623,5.448145816861399e-05,1.988716053931962e-05,0.05830824492194678,-64.37230239382924,50
1128,711,46,208,469,hotel_market,1128,0.06469760900140648,3.104696794266222e-05,1.2807763716898776e-05,-0.019204291004182972,13.654250903974093,63
1129,1602,53,291,811,hotel_market,1129,0.033083645443196,4.3435902265936084e-05,2.8857999260860535e-05,-0.050818254562393445,81.4108438089543,104
1130,1266,81,215,720,hotel_market,1130,0.06398104265402843,3.209181782534797e-05,2.2805385183676302e-05,-0.019920857351561017,25.219805407076247,104
1131,4030,488,923,2721,hotel_market,1131,0.12109181141439206,0.0001377709202455636,7.259534146146563e-05,0.03718991140880261,-149.8753429774745,198
1132,259,26,56,160,hotel_market,1132,0.10038610038610038,8.358799061485982e-06,4.665556684496178e-06,0.016484200380510933,-4.269407898552331,99
1133,1995,288,547,1353,hotel_market,1133,0.1443609022556391,8.164755511844344e-05,3.593739608328138e-05,0.06045900225004966,-120.61570948884906,50
1134,2311,327,622,1559,hotel_market,1134,0.14149718736477715,9.284237529007644e-05,4.1629735513014166e-05,0.0575952873591877,-133.1027090870828,50
1135,1860,94,465,1137,hotel_market,1135,0.05053763440860215,6.940788506412467e-05,3.350554221298414e-05,-0.0333642655969873,62.057534010396374,151
1136,1800,286,431,1173,hotel_market,1136,0.15888888888888889,6.433289991965104e-05,3.2424718270629816e-05,0.07498698888329944,-134.97657998993898,198
1137,592,46,223,377,hotel_market,1137,0.0777027027027027,3.3285931976988825e-05,1.0664129564562693e-05,-0.006199197302886747,3.6699248033089544,198
1138,1265,159,413,810,hotel_market,1138,0.12569169960474308,6.164614307845913e-05,2.278737145130373e-05,0.04178979959915363,-52.86409649292934,50
1139,2274,265,780,1459,hotel_market,1139,0.11653474054529464,0.00011642612978498332,4.0963227415228996e-05,0.032632840539705193,-74.20707938728961,50
1140,955,96,332,609,hotel_market,1140,0.10052356020942409,4.955573729309547e-05,1.7203114415806373e-05,0.01662166020383464,-15.873685494662082,50
1141,3641,404,1124,2321,hotel_market,1141,0.11095852787695688,0.00016777303830554008,6.558799956853509e-05,0.027056627871367436,-98.51318207964884,50
1142,1807,218,661,1191,hotel_market,1142,0.12064194798007748,9.866368177932561e-05,3.255081439723782e-05,0.03674004797448803,-66.38926668989987,50
1143,3279,370,1134,2185,hotel_market,1143,0.1128392802683745,0.00016926568099509114,5.906702844966397e-05,0.028937380262785056,-94.8856698816722,50
1144,7086,833,1286,4622,hotel_market,1144,0.11755574372001129,0.0001919538498762674,0.00012764530759204603,0.033653843714421844,-238.47113656039318,50
1145,3065,415,726,1990,hotel_market,1145,0.13539967373572595,0.00010836585926140756,5.521208972193354e-05,0.051497773730136504,-157.8406764828684,50
1146,1133,98,461,748,hotel_market,1146,0.08649602824360106,6.881082798830425e-05,2.040955877812421e-05,0.0025941282380116115,-2.9391472936671557,63
1147,1990,256,600,1303,hotel_market,1147,0.12864321608040202,8.95585613730641e-05,3.5847327421418514e-05,0.044741316074812576,-89.03521898887702,50
1148,4291,508,1161,2747,hotel_market,1148,0.11838732230249359,0.00017329581625687902,7.729692561070696e-05,0.03448542229690414,-147.97694707601568,50
1149,4469,485,1391,2848,hotel_market,1149,0.10852539718057731,0.0002076265981165536,8.050336997302479e-05,0.024623497174987866,-110.04240887502077,50
1150,14039,492,1610,7809,hotel_market,1150,0.03504523114181922,0.000240315473017722,0.00025289478877853997,-0.04885666886377023,685.8987741784703,162
1151,2405,229,376,1489,hotel_market,1151,0.09521829521829522,5.612336512712017e-05,4.3323026356035943e-05,0.011316395212705777,-27.215930486557394,99
1152,72,8,22,48,hotel_market,1152,0.1111111111111111,3.2838139170123504e-06,1.2969887308251924e-06,0.027209211105521658,-1.9590631995975594,99
1153,5380,471,921,3484,hotel_market,1153,0.08754646840148698,0.0001374723917076534,9.6913880164438e-05,0.0036445683958975378,-19.607777969928755,204
1154,3461,494,994,2229,hotel_market,1154,0.14273331407107773,0.0001483686833413762,6.23455277414721e-05,0.05883141406548828,-203.61552408065495,50
1155,4175,529,1196,2676,hotel_market,1155,0.1267065868263473,0.00017852006567030778,7.520733265548859e-05,0.04280468682075786,-178.70956747666406,50
1156,1882,109,504,1193,hotel_market,1156,0.05791710945802338,7.522919155337384e-05,3.390184432518073e-05,-0.02598479054756607,48.90337581051934,63
1157,1507,218,404,1023,hotel_market,1157,0.14465826144658261,6.030276465786316e-05,2.7146694685466182e-05,0.06075636144099317,-91.5598366915767,50
1158,4774,791,852,3371,hotel_market,1158,0.1656891495601173,0.000127173157149751,8.59975583466593e-05,0.08178724955452785,-390.45232937331593,50
1159,1965,161,517,1224,hotel_market,1159,0.08193384223918575,7.716962704979023e-05,3.539698411210421e-05,-0.0019680577664036997,3.86723351098327,144
1160,504,60,153,330,hotel_market,1160,0.11904761904761904,2.2837433150131345e-05,9.078921115776347e-06,0.035145719042029594,-17.713442397182916,63
1161,305,63,80,245,hotel_market,1161,0.20655737704918034,1.1941141516408546e-05,5.494188373634496e-06,0.1226554770435909,-37.40992049829522,63
1162,1022,62,303,623,hotel_market,1162,0.060665362035225046,4.522707349339737e-05,1.8410034484768704e-05,-0.0232365379703644,23.74774180571242,63
1163,581,65,153,405,hotel_market,1163,0.11187607573149742,2.2837433150131345e-05,1.0465978508464401e-05,0.027974175725907977,-16.252996096752533,63
1164,2297,276,560,1489,hotel_market,1164,0.12015672616456247,8.358799061485982e-05,4.137754325979816e-05,0.03625482615897302,-83.27733568716103,198
1165,2846,314,638,1887,hotel_market,1165,0.11033028812368235,9.523060359335816e-05,5.126708233234025e-05,0.026428388118092908,-75.21519258409242,198
1166,228,20,73,166,hotel_market,1166,0.08771929824561403,1.0896291633722798e-05,4.107130980946443e-06,0.003817398240024583,-0.870366798725605,5
1167,7348,833,2059,4821,hotel_market,1167,0.11336418072945019,0.00030733512977856495,0.0001323649054736599,0.029462280723860743,-216.48883875892875,198
1168,5319,684,1693,3449,hotel_market,1168,0.12859560067681894,0.00025270440734099587,9.58150424897111e-05,0.04469370067122949,-237.72579387026965,50
1169,2221,290,698,1427,hotel_market,1169,0.1305718144979739,0.00010418645973066457,4.0008499599482675e-05,0.046669914492384446,-103.65388008758585,50
1170,5293,632,1431,3441,hotel_market,1170,0.11940298507462686,0.00021359716887475787,9.534668544802422e-05,0.035501085069037416,-187.90724327041505,50
1171,3099,380,983,2020,hotel_market,1171,0.12262020006453694,0.00014672677638287,5.5824556622601e-05,0.0387183000589475,-119.9880118826783,50
1172,2231,352,515,1499,hotel_market,1172,0.15777678171223666,7.687109851188001e-05,4.01886369232084e-05,0.07387488170664722,-164.81486108752995,50
1173,657,127,135,481,hotel_market,1173,0.1933028919330289,2.0150676308939422e-05,1.1835022168779881e-05,0.10940099192743946,-71.87645169632772,50
1174,3834,507,980,2533,hotel_market,1174,0.1322378716744914,0.0001462789835760047,6.906464991644151e-05,0.04833597166890194,-185.32011537857002,50
1175,643,86,176,422,hotel_market,1175,0.13374805598755832,2.6270511336098803e-05,1.1582829915563872e-05,0.04984615598196887,-32.05107829640598,50
1176,1753,282,509,1216,hotel_market,1176,0.16086708499714775,7.597551289814937e-05,3.1578072849118924e-05,0.0769651849915583,-134.9199692902017,198
1177,11419,1627,2534,7670,hotel_market,1177,0.14248182853139504,0.0003782356575322407,0.000205698809962401,0.0585799285258056,-668.9242038361741,198
1178,1563,46,210,825,hotel_market,1178,0.02943058221369162,3.134549648057243e-05,2.8155463698330222e-05,-0.05447131779189783,85.1386697087363,104
1179,41048,2739,6859,25397,hotel_market,1179,0.06672675891639057,0.0010238036207630777,0.0007394276864293403,-0.017175141089198875,705.0051914294354,50
1180,6751,833,1533,4325,hotel_market,1180,0.12338912753666123,0.00022882212430817877,0.00012161070724723437,0.039487227531071784,-266.5782730622656,50
1181,6360,762,1458,4090,hotel_market,1181,0.11981132075471698,0.00021762730413654575,0.00011456733788955867,0.035909420749127535,-228.38391596445112,50
1182,2642,296,626,1709,hotel_market,1182,0.11203633610900833,9.343943236589688e-05,4.7592280928335534e-05,0.028134436103418883,-74.3311801852327,198
1183,113,13,29,78,hotel_market,1183,0.11504424778761062,4.328663799698098e-06,2.0355517581006493e-06,0.03114234778202117,-3.5190852993683923,21
1184,1339,217,367,857,hotel_market,1184,0.16206123973114264,5.4779986706524204e-05,2.4120387646874066e-05,0.0781593397255532,-104.65535589251573,50
1185,5569,668,1606,3623,hotel_market,1185,0.11994972167355,0.00023971841594190157,0.00010031847558285413,0.036047821667960556,-200.75031886887234,50
1186,331,52,107,227,hotel_market,1186,0.15709969788519637,1.597127677819643e-05,5.962545415321371e-06,0.07319779787960692,-24.228471098149893,50
1187,2944,245,1314,1908,hotel_market,1187,0.08322010869565218,0.00019613324940701037,5.303242810485232e-05,-0.0006817913099372713,2.007193616455327,50
1188,502,41,209,350,hotel_market,1188,0.08167330677290836,3.119623221161733e-05,9.042893651031204e-06,-0.0022285932326810837,1.118753802805904,120
1189,3592,220,826,2087,hotel_market,1189,0.061247216035634745,0.00012329228615691825,6.470532668227905e-05,-0.022654683969954702,81.37562482007729,151
1190,4533,334,1074,2842,hotel_market,1190,0.07368188837414516,0.00016030982485778472,8.165624884486941e-05,-0.010220011631444287,46.32731272533695,198
1191,9337,1291,2770,6183,hotel_market,1191,0.13826710934989825,0.0004134620250056459,0.00016819421916270587,0.0543652093443088,-507.6079596478113,50
1192,2105,105,502,1318,hotel_market,1192,0.0498812351543943,7.493066301546363e-05,3.791890664426431e-05,-0.03402066485119515,71.61349951176578,151
1193,24884,1608,3508,15194,hotel_market,1193,0.06461983603922199,0.0005236190554945148,0.0004482537163590846,-0.01928206396636746,479.81487973908787,63
1194,4203,122,592,2380,hotel_market,1194,0.029026885557934808,8.836444722142325e-05,7.571171716192061e-05,-0.054875014447654635,230.63968572349242,162
1195,24400,1491,2587,15431,hotel_market,1195,0.06110655737704918,0.0003861466637868614,0.0004395350698907597,-0.022795342628540265,556.2063601363825,141
1196,12881,359,1632,7011,hotel_market,1196,0.027870506948218306,0.00024359928693473435,0.00023203488669110145,-0.05603139305737114,721.7403739719977,63
1197,3227,132,1205,1917,hotel_market,1197,0.040904865199876045,0.00017986344409090372,5.813031436629022e-05,-0.0429970348057134,138.75143131803716,151
1198,6496,451,851,3995,hotel_market,1198,0.06942733990147783,0.00012702389288079592,0.00011701720549222848,-0.01447456010411162,94.02674243630908,99
1199,51,1,12,30,hotel_market,1199,0.0196078431372549,1.7911712274612819e-06,9.18700351001178e-07,-0.06429405686833455,3.278996900285062,99
1200,3155,280,1178,2088,hotel_market,1200,0.08874801901743265,0.00017583330882911584,5.6833325635465034e-05,0.004846119011843203,-15.289505482365305,198
1201,1452,105,407,994,hotel_market,1201,0.07231404958677685,6.075055746472848e-05,2.6155939404974717e-05,-0.011587850418812592,16.825558808115883,63
1202,364,34,174,278,hotel_market,1202,0.09340659340659341,2.5971982798188588e-05,6.556998583616251e-06,0.00950469340100396,-3.459708397965442,63
1203,12850,1428,2375,8338,hotel_market,1203,0.1111284046692607,0.0003545026387683787,0.00023147646098755172,0.027226504663671255,-349.8605849281756,50
1204,1836,127,404,1176,hotel_market,1204,0.06917211328976035,6.030276465786316e-05,3.307321263604241e-05,-0.014729786715829099,27.043888410262227,105
1205,2639,126,512,1656,hotel_market,1205,0.04774535809018567,7.64233057050147e-05,4.753823973121782e-05,-0.036156541915403774,95.41711411475056,78
1206,494,45,118,311,hotel_market,1206,0.09109311740890688,1.7613183736702606e-05,8.898783792050626e-06,0.007191217403317435,-3.5524613972388126,99
1207,881,76,228,536,hotel_market,1207,0.08626560726447219,3.403225332176436e-05,1.5870098220236037e-05,0.0023637072588827412,-2.082426095075695,99
1208,2814,270,631,1848,hotel_market,1208,0.09594882729211088,9.418575371067241e-05,5.069064289641794e-05,0.01204692728652143,-33.9000533842713,99
1209,845,55,148,499,hotel_market,1209,0.0650887573964497,2.2091111805355812e-05,1.522160385482344e-05,-0.018813142609139744,15.897105504723083,99
1210,71,2,25,35,hotel_market,1210,0.028169014084507043,3.731606723877671e-06,1.2789749984526204e-06,-0.0557328859210824,3.9570349003968506,99
1211,165,15,57,121,hotel_market,1211,0.09090909090909091,8.50806333044109e-06,2.9722658414743994e-06,0.0070071909035014646,-1.1561864990777417,99
1212,315,19,67,189,hotel_market,1212,0.06031746031746032,1.0000706019992158e-05,5.674325697360217e-06,-0.02358443968812913,7.429098501760675,99
1213,46,5,17,37,hotel_market,1213,0.10869565217391304,2.537492572236816e-06,8.286316891383175e-07,0.024793752168323593,-1.1405125997428853,99
1214,297,12,83,176,hotel_market,1214,0.04040404040404041,1.2388934323273867e-05,5.350078514653919e-06,-0.04349785960154904,12.918864301660065,99
1215,1211,99,331,803,hotel_market,1215,0.08175061932287365,4.940647302414036e-05,2.1814629903184834e-05,-0.002151280682715792,2.6052009067688244,133
1216,1425,113,318,917,hotel_market,1216,0.07929824561403509,4.746603752772397e-05,2.5669568630915267e-05,-0.004603654391554357,6.560207507964959,99
1217,189,12,58,111,hotel_market,1217,0.06349206349206349,8.657327599396195e-06,3.4045954184161304e-06,-0.02040983651352596,3.8574591010564063,99
1218,7,0,2,1,hotel_market,1218,0.0,2.9852853791021366e-07,1.2609612660800483e-07,-0.08390190000558945,0.5873133000391262,99
1219,28,0,14,16,hotel_market,1219,0.0,2.0896997653714955e-06,5.043845064320193e-07,-0.08390190000558945,2.3492532001565047,99
1220,1450,105,395,923,hotel_market,1220,0.07241379310344828,5.8959386237267195e-05,2.611991194022957e-05,-0.011488106902141165,16.65775500810469,99
1221,402,10,161,253,hotel_market,1221,0.024875621890547265,2.4031547301772198e-05,7.241520413773992e-06,-0.059026278115042186,23.72856380224696,99
1222,457,26,90,268,hotel_market,1222,0.05689277899343545,1.3433784205959615e-05,8.232275694265459e-06,-0.027009121012153997,12.343168302554377,133
1223,177,8,57,97,hotel_market,1223,0.04519774011299435,8.50806333044109e-06,3.188430629945265e-06,-0.0387041598925951,6.850636300989332,130
1224,268,7,170,199,hotel_market,1224,0.026119402985074626,2.537492572236816e-05,4.827680275849328e-06,-0.05778249702051482,15.485709201497972,99
1225,3390,357,603,2217,hotel_market,1225,0.10530973451327434,9.000635417992942e-05,6.106655274301947e-05,0.021407834507684895,-72.5725589810518,99
1226,9571,808,1645,5802,hotel_market,1226,0.08442169052345627,0.00024553972243115073,0.00017240943253788775,0.000519790517866825,-4.974915046503382,144
1227,1738,152,412,1087,hotel_market,1227,0.08745684695051784,6.149687880950402e-05,3.130786686353034e-05,0.003554946944928389,-6.178497790285539,17
1228,4449,582,913,2982,hotel_market,1228,0.13081591368846932,0.00013627827755601253,8.014309532557336e-05,0.04691401368287987,-208.72044687513252,198
1229,7309,250,1256,3679,hotel_market,1229,0.03420440552743193,0.00018747592180761417,0.00013166236991112961,-0.049697494478157515,363.2389871408533,42
1230,849604,51704,91289,527346,hotel_market,1230,0.0608565873042029,0.013626185848642747,0.015304539078666761,-0.023045312701386544,19579.389852348813,50
1231,6432,169,898,3307,hotel_market,1231,0.026274875621890546,0.00013403931352168593,0.00011586432662038387,-0.057627024383698905,370.65702083595136,99
1232,931,86,180,587,hotel_market,1232,0.09237379162191192,2.686756841191923e-05,1.677078483886464e-05,0.008471891616322474,-7.887331094796224,151
1233,1964,329,425,1394,hotel_market,1233,0.1675152749490835,6.34373143059204e-05,3.537897037973164e-05,0.08361337494349405,-164.21666838902232,198
1234,3069,524,637,2111,hotel_market,1234,0.17073965461062235,9.508133932440306e-05,5.528414465142383e-05,0.0868377546050329,-266.505068882846,198
1235,88225,5140,12319,52892,hotel_market,1235,0.05826013034854066,0.001838786529257961,0.001589261538570175,-0.025641769657048785,2262.2451279931292,50
1236,15731,1368,3982,9717,hotel_market,1236,0.0869620494564872,0.0005943703189792354,0.000283374023952932,0.003060149450897748,-48.13921101207247,151
1237,501,44,116,328,hotel_market,1237,0.08782435129740519,1.731465519879239e-05,9.02487991865863e-06,0.003922451291815746,-1.9651480971996886,99
1238,2439,210,303,1496,hotel_market,1238,0.08610086100861009,4.522707349339737e-05,4.39354932567034e-05,0.0021989610030206386,-5.363265886367337,99
1239,27561,2199,3097,17736,hotel_market,1239,0.07978665505605748,0.0004622714409539659,0.0004964764779204602,-0.004115244949531971,113.42026605405066,99
1240,70785,3168,6396,39054,hotel_market,1240,0.044755244755244755,0.0009546942642368633,0.0012751020459925175,-0.03914665525034469,2770.995991895649,141
1241,144671,13783,19707,95119,hotel_market,1241,0.09527133979857746,0.0029415509482982904,0.0026060646760723808,0.011369439792988018,-1644.8282242913695,50
1242,391999,17604,33054,223419,hotel_market,1242,0.04490827782723936,0.004933781146042101,0.007061365076315898,-0.03899362217835009,15285.460900291057,168
1243,7956,441,1157,4884,hotel_market,1243,0.05542986425339366,0.00017269875918105861,0.00014331725475618377,-0.028472035752195785,226.52351644446966,105
1244,4119,154,998,2450,hotel_market,1244,0.03738771546491867,0.0001489657404171966,7.419856364262455e-05,-0.04651418454067078,191.59192612302294,204
1245,924,58,261,561,hotel_market,1245,0.06277056277056277,3.895797419728288e-05,1.6644688712256636e-05,-0.02113133723502668,19.525355605164652,204
1246,983,91,254,644,hotel_market,1246,0.09257375381485249,3.791312431459714e-05,1.770749892223839e-05,0.008671853809263039,-8.524432294505567,72
1247,418,20,137,261,hotel_market,1247,0.04784688995215311,2.0449204846849637e-05,7.529740131735145e-06,-0.03605501005343634,15.070994202336388,63
1248,3290,312,678,2198,hotel_market,1248,0.09483282674772037,0.00010120117435156243,5.926517950576227e-05,0.01093092674213092,-35.96274898161072,63
1249,7563,803,1717,4858,hotel_market,1249,0.10617479836043899,0.00025628674979591843,0.00013623785793376292,0.022272898354849538,-168.44993025772706,50
1250,7569,762,1989,4783,hotel_market,1250,0.10067380103051922,0.0002968866309517075,0.00013634594032799837,0.016771901024929772,-126.94651885769345,50
1251,418,40,156,278,hotel_market,1251,0.09569377990430622,2.3285225956996666e-05,7.529740131735145e-06,0.011791879898716773,-4.929005797663611,63
1252,297,9,156,198,hotel_market,1252,0.030303030303030304,2.3285225956996666e-05,5.350078514653919e-06,-0.05359886970255914,15.918864301660065,63
1253,676,60,247,446,hotel_market,1253,0.08875739644970414,3.6868274431911386e-05,1.2177283083858752e-05,0.00485549644411469,-3.2823155962215305,50
1254,607,58,145,397,hotel_market,1254,0.09555189456342669,2.164331899849049e-05,1.0934335550151276e-05,0.011649994557837245,-7.071546696607208,63
1255,838,68,295,564,hotel_market,1255,0.081145584725537,4.4032959341756515e-05,1.5095507728215435e-05,-0.0027563152800524487,2.309792204683952,198
1256,11793,482,1875,7046,hotel_market,1256,0.04087170355295514,0.0002798705042908253,0.00021243594586974298,-0.043030196452634305,507.45510676591636,63
1257,4703,355,677,3110,hotel_market,1257,0.0754837337869445,0.00010105191008260733,8.471858334820666e-05,-0.00841816621864494,39.590635726287154,99
1258,189863,9980,20055,114420,hotel_market,1258,0.05256421735672564,0.0029934949138946676,0.00342014126945366,-0.03133768264886381,5949.86644076123,63
1259,2814,447,386,1878,hotel_market,1259,0.15884861407249468,5.761600781667124e-05,5.069064289641794e-05,0.07494671406690523,-210.9000533842713,8
1260,581,43,118,319,hotel_market,1260,0.07401032702237521,1.7613183736702606e-05,1.0465978508464401e-05,-0.009891572983214234,5.74700390324747,130
1261,5582,697,1171,3624,hotel_market,1261,0.1248656395557148,0.0001747884589464301,0.00010055265410369757,0.04096373955012535,-228.65959416879969,50
1262,3561,387,1362,2341,hotel_market,1262,0.10867733782645324,0.0002032979343168555,6.414690097872932e-05,0.02477543782086379,-88.22533408009596,50
1263,9656,990,2753,6229,hotel_market,1263,0.10252692626346313,0.0004109245324334091,0.00017394059978955638,0.018625026257873684,-179.84325354602828,50
1264,2761,429,729,1788,hotel_market,1264,0.1553784860557769,0.00010881365206827287,4.973591508067162e-05,0.07147658605018745,-197.34685408456752,50
1265,5925,684,1772,3668,hotel_market,1265,0.11544303797468354,0.0002644962845884493,0.0001067313643074898,0.031541137969094094,-186.8812424668825,50
1266,2777,428,710,1921,hotel_market,1266,0.1541231544832553,0.00010597763095812585,5.0024134798632774e-05,0.07022125447766586,-195.0044236844781,50
1267,2584,364,789,1724,hotel_market,1267,0.14086687306501547,0.0001177695082055793,4.6547484450726354e-05,0.05696497305942602,-147.19749038555685,50
1268,1606,262,402,1051,hotel_market,1268,0.16313823163138233,6.0004236119952946e-05,2.893005419035082e-05,0.07923633162579288,-127.25354859102337,50
1269,2955,376,801,1973,hotel_market,1269,0.1272419627749577,0.00011956067943304058,5.3230579160950606e-05,0.04334006276936825,-128.06988548348318,50
1270,3243,488,720,2185,hotel_market,1270,0.15047795251310514,0.00010747027364767692,5.841853408425138e-05,0.06657605250751569,-215.90613828187338,50
1271,5052,687,1082,3316,hotel_market,1271,0.13598574821852732,0.0001615039390094256,9.100537594623434e-05,0.05208384821293788,-263.12760117176214,50
1272,763,64,166,511,hotel_market,1272,0.08387942332896461,2.4777868646547734e-05,1.3744477800272526e-05,-2.2476676624832992e-05,0.017149704264747573,63
1273,622,22,125,397,hotel_market,1273,0.03536977491961415,1.8658033619388354e-05,1.1204541535739858e-05,-0.0485321250859753,30.186981803476638,104
1274,1883,185,349,1226,hotel_market,1274,0.09824747742963356,5.2093229865332285e-05,3.39198580575533e-05,0.014345577424044118,-27.01272228947507,208
1275,370,7,137,238,hotel_market,1275,0.01891891891891892,2.0449204846849637e-05,6.665080977851684e-06,-0.06498298108667053,24.043703002068096,99
1276,340,18,78,195,hotel_market,1276,0.052941176470588235,1.1642612978498333e-05,6.12466900667452e-06,-0.030960723535001212,10.526646001900412,104
1277,11984,623,2058,7694,hotel_market,1277,0.051985981308411214,0.00030718586550960986,0.00021587656875290427,-0.03191591869717823,382.48036966698396,198
1278,750,55,221,447,hotel_market,1278,0.07333333333333333,3.298740343907861e-05,1.3510299279429089e-05,-0.010568566672256113,7.926425004192085,104
1279,1842,194,667,1147,hotel_market,1279,0.10532030401737243,9.955926739305625e-05,3.318129503027784e-05,0.02141840401178298,-39.452700189704245,50
1280,5315,215,846,3392,hotel_market,1280,0.04045155221072436,0.00012627757153602039,9.574298756022081e-05,-0.043450347794865084,230.93859852970792,104
1281,12324,864,1295,7667,hotel_market,1281,0.07010710808179163,0.00019329722829686334,0.00022200123775957878,-0.013794791923797817,170.0070156688843,127
1282,2387,296,577,1604,hotel_market,1282,0.12400502723083369,8.612548318709664e-05,4.299877917332965e-05,0.04010312722524424,-95.72616468665801,50
1283,718,84,272,469,hotel_market,1283,0.116991643454039,4.0599881155789056e-05,1.293385984350678e-05,0.033089743448449546,-23.758435795986774,50
1284,3667,480,964,2410,hotel_market,1284,0.1308971911644396,0.00014389075527272298,6.605635661022196e-05,0.04699529115885015,-172.3317326795035,50
1285,1545,104,314,986,hotel_market,1285,0.06731391585760518,4.686898045190354e-05,2.7831216515623923e-05,-0.016587984147984264,25.628435508635686,54
1286,7118,648,2412,4626,hotel_market,1286,0.09103680809216072,0.0003600254167197177,0.00012822174702796832,0.007134908086571273,-50.78627576021432,50
1287,1748,266,300,1186,hotel_market,1287,0.15217391304347827,4.477928068653205e-05,3.1488004187256066e-05,0.06827201303788882,-119.33947879022966,50
1288,323,19,109,216,hotel_market,1288,0.058823529411764705,1.6269805316106643e-05,5.818435556340794e-06,-0.025078370593824742,8.100313701805392,63
1289,298,35,108,214,hotel_market,1289,0.1174496644295302,1.6120541047151537e-05,5.368092247026491e-06,0.03354776442394075,-9.997233798334344,162
1290,4389,529,1337,2789,hotel_market,1290,0.12052859421280473,0.00019956632759297784,7.906227138321902e-05,0.03662669420721529,-160.7545608754679,50
1291,3871,318,987,2286,hotel_market,1291,0.08214931542237149,0.00014732383345869045,6.973115801422666e-05,-0.0017525845832179615,6.784254921636729,50
1292,868,112,255,561,hotel_market,1292,0.12903225806451613,3.806238858355224e-05,1.56359196993926e-05,0.04513035805892668,-39.17315079514836,50
1293,1864,127,426,1153,hotel_market,1293,0.06813304721030043,6.35865785748755e-05,3.3577597142474425e-05,-0.015768852795289015,29.393141610418724,82
1294,3327,407,881,2167,hotel_market,1294,0.12233243162007815,0.00013150182094944911,5.9931687603547437e-05,0.0384305316144887,-127.8583786814039,50
1295,6131,440,1865,3831,hotel_market,1295,0.0717664328820747,0.0002783778616012742,0.00011044219317623965,-0.012135467123514751,74.40254893426894,50
1296,4222,403,1265,2585,hotel_market,1296,0.09545239223117007,0.00018881930022821014,7.605397807699948e-05,0.01155049222558062,-48.766178176401375,50
1297,2193,273,643,1430,hotel_market,1297,0.12448700410396717,9.59769249381337e-05,3.9504115093050657e-05,0.04058510409837772,-89.00313328774234,50
1298,3016,412,591,1999,hotel_market,1298,0.13660477453580902,8.821518295246814e-05,5.432941683567751e-05,0.05270287453021957,-158.95186958314224,50
1299,2606,166,832,1457,hotel_market,1299,0.0636991557943208,0.00012418787177064888,4.694378656292294e-05,-0.02020274421126865,52.6483514145661,50
1300,5659,622,1473,3551,hotel_market,1300,0.10991341226365083,0.00021986626817087237,0.00010193971149638561,0.02601151225806138,-147.19914786836935,50
1301,3339,435,924,2286,hotel_market,1301,0.1302785265049416,0.00013792018451451872,6.01478523920183e-05,0.04637662649935215,-154.85155588133682,50
1302,1857,173,317,1209,hotel_market,1302,0.09316101238556812,4.7316773258768864e-05,3.3451501015866424e-05,0.009259112379978673,-17.194171689620397,63
1303,9360,384,1853,5127,hotel_market,1303,0.041025641025641026,0.00027658669037381297,0.00016860853500727502,-0.04287625897994842,401.32178405231724,63
1304,2911,368,524,1876,hotel_market,1304,0.1264170388182755,7.821447693247598e-05,5.2437974936557436e-05,0.042515138812686065,-123.76156908372914,50
1305,5128,635,1535,3273,hotel_market,1305,0.12382995319812792,0.00022912065284608899,9.237441960654982e-05,0.039928053192538476,-204.75105677133732,50
1306,2569,352,841,1709,hotel_market,1306,0.1370182950564422,0.00012553125019124485,4.627727846513777e-05,0.05311639505085275,-136.4560188856407,50
1307,2327,192,385,1417,hotel_market,1307,0.08250966910184787,5.746674354771613e-05,4.191795523097532e-05,-0.0013922309037415759,3.239721313006647,99
1308,1437,99,229,903,hotel_market,1308,0.06889352818371608,3.418151759071947e-05,2.5885733419386133e-05,-0.015008371821873367,21.567030308032027,99
1309,6382,822,1258,4302,hotel_market,1309,0.12879974929489188,0.0001877744503455244,0.00011496364000175526,0.04489784928930243,-286.5380741643281,50
1310,2895,376,754,1882,hotel_market,1310,0.1298791018998273,0.00011254525879215055,5.214975521859628e-05,0.045977201894237846,-133.10399948381857,50
1311,1808,251,539,1209,hotel_market,1311,0.1388274336283186,8.045344096680258e-05,3.256882812961039e-05,0.054925533622729145,-99.3053647898943,50
1312,5927,381,848,3494,hotel_market,1312,0.06428209886957989,0.0001265761000739306,0.00010676739177223495,-0.019619801136009557,116.28656133312865,99
1313,10935,655,1395,6421,hotel_market,1313,0.05989940557841793,0.00020822365519237402,0.0001969801634940761,-0.02400249442717152,262.46727656112057,99
1314,379,34,82,228,hotel_market,1314,0.08970976253298153,1.223967005431876e-05,6.8272045692048325e-06,0.005807862527392085,-2.2011798978816004,99
1315,121,3,18,73,hotel_market,1315,0.024793388429752067,2.686756841191923e-06,2.1796616170812263e-06,-0.05910851157583738,7.152129900676323,99
1316,98,6,19,65,hotel_market,1316,0.061224489795918366,2.83602111014703e-06,1.7653457725120675e-06,-0.02267741020967108,2.222386200547766,99
1317,1185,169,327,810,hotel_market,1317,0.14261603375527426,4.8809415948319936e-05,2.134627286149796e-05,0.058714133749684816,-69.57624849337651,50
1318,811,79,169,511,hotel_market,1318,0.09741060419235512,2.5225661453413055e-05,1.4609136954155988e-05,0.013508704186765669,-10.955559095466958,99
1319,1328,69,324,743,hotel_market,1319,0.051957831325301206,4.8361623141454615e-05,2.392223659077577e-05,-0.03194406868028824,42.42172320742279,99
1320,883,123,210,579,hotel_market,1320,0.1392978482446206,3.134549648057243e-05,1.590612568498118e-05,0.055395948239031156,-48.91462229506451,50
1321,4261,337,1746,2622,hotel_market,1321,0.07908941563013377,0.00026061541359561653,7.675651363952979e-05,-0.004812484375455672,20.50599592381662,50
1322,6513,611,1640,4169,hotel_market,1322,0.09381237524950099,0.0002447934010863752,0.0001173234389425622,0.009910475243911546,-64.5469252635959,144
1323,12405,1208,2723,8048,hotel_market,1323,0.09738008867392181,0.0004064466043647559,0.00022346035008175713,0.013478188668332364,-167.19693043066297,144
1324,12550,982,2378,8049,hotel_market,1324,0.07824701195219123,0.00035495043157524406,0.00022607234127578008,-0.005654888053398213,70.96884507014758,144
1325,5733,706,1069,3741,hotel_market,1325,0.123146694575266,0.0001595635035130092,0.00010327272769195595,0.039244794569676555,-224.9904072679557,50
1326,885,85,361,584,hotel_market,1326,0.096045197740113,5.388440109279357e-05,1.5942153149726324e-05,0.01214329773452355,-10.746818495053342,144
1327,4322,394,793,2782,hotel_market,1327,0.09116149930587691,0.00011836656528139972,7.785535131425669e-05,0.007259599300287467,-31.375988175842433,144
1328,539,79,146,348,hotel_market,1328,0.14656771799628943,2.1792583267445597e-05,9.709401748816372e-06,0.06266581799069998,-33.77687589698729,50
1329,519,77,159,344,hotel_market,1329,0.14836223506743737,2.3733018763861986e-05,9.34912710136493e-06,0.06446033506184792,-33.454913897099075,50
1330,1041,128,240,634,hotel_market,1330,0.12295869356388088,3.582342454922564e-05,1.8752295399847574e-05,0.03905679355829143,-40.65812209418138,50
1331,4680,727,973,3150,hotel_market,1331,0.15534188034188035,0.00014523413369331895,8.430426750363751e-05,0.0714399803362909,-334.3391079738414,50
1332,2919,288,742,1848,hotel_market,1332,0.0986639260020555,0.00011075408756468927,5.2582084795538015e-05,0.014762025996466047,-43.090353883684394,50
1333,1032,156,258,679,hotel_market,1333,0.1511627906976744,3.851018139041756e-05,1.8590171808494426e-05,0.06726089069208496,-69.41323919423168,50
1334,817,129,188,547,hotel_market,1334,0.15789473684210525,2.8061682563560083e-05,1.4717219348391421e-05,0.07399283683651581,-60.45214769543342,50
1335,1626,212,457,1049,hotel_market,1335,0.13038130381303814,6.821377091248383e-05,2.9290328837802263e-05,0.046479403807448694,-75.57551059091158,50
1336,3229,199,796,1909,hotel_market,1336,0.06162898730257046,0.00011881435808826503,5.816634183103537e-05,-0.02227291270301899,71.91923511804832,50
1337,10623,926,2028,6761,hotel_market,1337,0.0871693495246164,0.00030270793744095666,0.0001913598789938336,0.003267449519026952,-34.710116240623314,50
1338,1134,158,270,739,hotel_market,1338,0.13932980599647266,4.0301352617878845e-05,2.0427572510496783e-05,0.05542790599088321,-62.855245393661555,50
1339,1320,176,445,909,hotel_market,1339,0.13333333333333333,6.642259968502254e-05,2.3778126731795195e-05,0.049431433327743884,-65.24949199262193,50
1340,861,143,258,596,hotel_market,1340,0.16608594657375145,3.851018139041756e-05,1.5509823572784595e-05,0.082184046568162,-70.76046409518749,50
1341,537,62,147,332,hotel_market,1341,0.1154562383612663,2.1941847536400703e-05,9.673374284071227e-06,0.03155433835567685,-16.94467969699847,50
1342,1255,150,264,762,hotel_market,1342,0.11952191235059761,3.94057670041482e-05,2.2607234127578008e-05,0.03562001234500817,-44.70311549298525,50
1343,2297,131,621,1362,hotel_market,1343,0.05703090988245538,9.269311102112135e-05,4.137754325979816e-05,-0.02687099012313407,61.72266431283896,50
1344,1876,181,555,1208,hotel_market,1344,0.0964818763326226,8.284166927008429e-05,3.379376193094529e-05,0.012579976327033157,-23.600035589514203,50
1345,2895,324,774,1901,hotel_market,1345,0.11191709844559586,0.00011553054417125268,5.214975521859628e-05,0.02801519844000641,-81.10399948381855,144
1346,551,57,192,346,hotel_market,1346,0.10344827586206896,2.865873963938051e-05,9.925566537287238e-06,0.019546375856479517,-10.770053096920213,50
1347,1072,167,296,685,hotel_market,1347,0.15578358208955223,4.4182223610711624e-05,1.931072110339731e-05,0.07188168208396278,-77.0571631940081,50
1348,774,100,217,492,hotel_market,1348,0.12919896640826872,3.2390346363258184e-05,1.3942628856370819e-05,0.045297066402679276,-35.05992939567376,50
1349,699,133,201,502,hotel_market,1349,0.19027181688125894,3.0002118059976473e-05,1.259159892842791e-05,0.10636991687566949,-74.35257189609297,50
1350,3742,125,1269,2257,hotel_market,1350,0.03340459647247461,0.00018941635730403058,6.740738653816487e-05,-0.05049730353311484,188.96090982091573,50
1351,1664,152,633,1098,hotel_market,1351,0.09134615384615384,9.448428224858262e-05,2.9974850667960004e-05,0.007444253840564394,-12.387238390699151,50
1352,940,140,223,640,hotel_market,1352,0.14893617021276595,3.3285931976988825e-05,1.6932908430217792e-05,0.0650342702071765,-61.13221399474591,50
1353,3592,393,970,2373,hotel_market,1353,0.1094097995545657,0.00014478634088645363,6.470532668227905e-05,0.025507899548976254,-91.62437517992271,144
1354,780,100,263,494,hotel_market,1354,0.1282051282051282,3.9256502735193093e-05,1.4050711250606252e-05,0.04430322819953875,-34.55651799564022,50
1355,2297,334,598,1545,hotel_market,1355,0.1454070526774053,8.926003283515389e-05,4.137754325979816e-05,0.06150515267181586,-141.27733568716104,50
1356,491,77,143,328,hotel_market,1356,0.15682281059063136,2.1344790460580276e-05,8.84474259493291e-06,0.07292091058504191,-35.80416709725558,50
1357,7169,219,1306,3588,hotel_market,1357,0.030548193611382342,0.00019493913525536952,0.0001291404473789695,-0.053353706394207105,382.4927211400707,8
1358,255,18,88,172,hotel_market,1358,0.07058823529411765,1.3135255668049401e-05,4.59350175500589e-06,-0.013313664711471801,3.3949845014253093,144
1359,2118,284,591,1400,hotel_market,1359,0.13408876298394712,8.821518295246814e-05,3.8153085165107746e-05,0.05018686297835767,-106.29577578816155,50
1360,2090,278,613,1353,hotel_market,1360,0.13301435406698564,9.149899686948049e-05,3.764870065867573e-05,0.049112454061396194,-102.64502898831805,50
1361,1289,125,501,835,hotel_market,1361,0.0969743987587277,7.478139874650852e-05,2.321970102824546e-05,0.013072498753138248,-16.8504508927952,50
1362,1542,180,334,991,hotel_market,1362,0.11673151750972763,4.985426583100568e-05,2.7777175318506205e-05,0.03282961750413818,-50.623270191381074,50
1363,732,106,191,479,hotel_market,1363,0.1448087431693989,2.8509475370425404e-05,1.318605209672279e-05,0.060906843163809454,-44.58380919590852,50
1364,7083,786,1816,4730,hotel_market,1364,0.11096992799661161,0.000271063912422474,0.0001275912663949283,0.02706802799102216,-191.72284226040998,144
1365,2796,111,790,1696,hotel_market,1365,0.03969957081545064,0.00011791877247453439,5.036639571371164e-05,-0.044202329190138806,123.5897124156281,50
1366,605,109,157,421,hotel_market,1366,0.18016528925619835,2.343449022595177e-05,1.0898308085406131e-05,0.0962633892506089,-58.239350496618385,50
1367,1083,144,291,700,hotel_market,1367,0.1329639889196676,4.3435902265936084e-05,1.9508872159495605e-05,0.04906208891407815,-53.134242293946635,50
1368,266,31,101,175,hotel_market,1368,0.11654135338345864,1.507569116446579e-05,4.791652811104184e-06,0.03263945337786919,-8.682094598513205,50
1369,1579,215,349,1070,hotel_market,1369,0.13616212792906904,5.2093229865332285e-05,2.8443683416291374e-05,0.05226022792347959,-82.51889989117427,50
1370,5861,567,1312,3749,hotel_market,1370,0.09674117044872889,0.00019583472086910015,0.00010557848543564518,0.012839270443139442,-75.25096406724026,144
1371,704,78,193,443,hotel_market,1371,0.11079545454545454,2.880800390833562e-05,1.2681667590290772e-05,0.026893554539865097,-18.93306239606503,144
1372,1294,138,291,849,hotel_market,1372,0.10664605873261206,4.3435902265936084e-05,2.330976969010832e-05,0.02274415872702261,-29.430941392767256,50
1373,1063,110,315,724,hotel_market,1373,0.10348071495766697,4.701824472085865e-05,1.9148597512044163e-05,0.019578814952077528,-20.81228029405841,144
1374,1104,135,249,690,hotel_market,1374,0.12228260869565218,3.71668029698216e-05,1.988716053931962e-05,0.03838070869006273,-42.37230239382925,144
1375,786,140,201,577,hotel_market,1375,0.178117048346056,3.0002118059976473e-05,1.4158793644841685e-05,0.09421514834046654,-74.0531065956067,50
1376,2135,220,490,1333,hotel_market,1376,0.10304449648711944,7.313949178800235e-05,3.845931861544147e-05,0.019142596481529994,-40.86944348806654,144
1377,4514,324,985,2915,hotel_market,1377,0.0717766947275144,0.00014702530492078023,8.131398792979055e-05,-0.012125205278075049,54.73317662523077,144
1378,4118,395,863,2590,hotel_market,1378,0.09592034968431278,0.0001288150641082572,7.418054991025198e-05,0.012018449678723328,-49.49197577698266,50
1379,1046,77,423,661,hotel_market,1379,0.07361376673040153,6.313878576801019e-05,1.8842364061710436e-05,-0.010288133275187919,10.761387405846563,50
1380,722,87,260,468,hotel_market,1380,0.12049861495844875,3.880870992832778e-05,1.3005914772997069e-05,0.03659671495285931,-26.42282819596442,50
1381,335,30,81,192,hotel_market,1381,0.08955223880597014,1.2090405785363654e-05,6.034600344811659e-06,0.005650338800380697,-1.8928634981275334,130
1382,691,48,166,433,hotel_market,1382,0.0694645441389291,2.4777868646547734e-05,1.2447489069447334e-05,-0.014437355866660354,9.976212903862304,99
1383,1755,171,256,1012,hotel_market,1383,0.09743589743589744,3.821165285250735e-05,3.161410031386407e-05,0.01353399743030799,-23.75216549019052,130
1384,2460,196,413,1454,hotel_market,1384,0.07967479674796749,6.164614307845913e-05,4.431378163652741e-05,-0.004227103257621961,10.398674013750025,130
1385,1747,98,326,1005,hotel_market,1385,0.05609616485403549,4.8660151679364827e-05,3.146999045488349e-05,-0.027805735151553955,48.57661930976476,130
1386,3147,118,475,1613,hotel_market,1386,0.0374960279631395,7.090052775367575e-05,5.6689215776484454e-05,-0.04640587204244995,146.03927931758997,130
1387,4121,300,776,2501,hotel_market,1387,0.07279786459597185,0.0001158290727091629,7.42345911073697e-05,-0.011104035409617602,45.759729923034136,130
1388,928,49,211,537,hotel_market,1388,0.052801724137931036,3.149476074952754e-05,1.6716743641746926e-05,-0.03110017586765841,28.860963205187005,130
1389,3983,192,954,2244,hotel_market,1389,0.04820487070047703,0.0001423981125831719,7.174869603995475e-05,-0.03569702930511242,142.18126772226276,151
1390,963,56,205,639,hotel_market,1390,0.058151609553478714,3.05991751357969e-05,1.734722427478695e-05,-0.025750290452110733,24.797529705382637,5
1391,3699,220,571,2498,hotel_market,1391,0.05947553392808867,8.5229897573366e-05,6.663279604614427e-05,-0.024426366077500775,90.35312812067536,34
1392,9506,628,1716,5940,hotel_market,1392,0.06606353881758889,0.00025613748552696334,0.00017123853993367054,-0.017838361188000557,169.57146145313328,3
1393,18184,1568,2812,11994,hotel_market,1393,0.086229652441707,0.0004197311243017604,0.0003275617094628514,0.0023277524361175472,-42.327850298361476,144
1394,1479,41,295,907,hotel_market,1394,0.027721433400946585,4.4032959341756515e-05,2.6642310179034164e-05,-0.05618046660464286,83.0909101082668,104
1395,4538,307,680,2482,hotel_market,1395,0.06765094755398854,0.00010149970288947264,8.174631750673228e-05,-0.01625095245160091,73.74682222536492,151
1396,11062,1376,2253,7614,hotel_market,1396,0.12438980292894594,0.0003362923979558557,0.00019926790750539276,0.040487902923356495,-447.87718213816953,34
1397,8583,370,1834,5367,hotel_market,1397,0.043108470231853664,0.00027375066926366593,0.0001546118649537865,-0.04079342977373578,350.1300077479742,204
1398,3189,423,597,2186,hotel_market,1398,0.13264346190028223,8.911076856619878e-05,5.744579253613248e-05,0.04874156189469278,-155.4368408821753,144
1399,7766,152,1490,3855,hotel_market,1399,0.01957249549317538,0.00022240376074310916,0.00013989464560539507,-0.06432940451241406,499.5821554434076,77
1400,67952,1496,16582,32127,hotel_market,1400,0.022015540381445726,0.0024751001078135815,0.0012240691421810206,-0.061886359624143725,4205.301909179814,128
1401,18040,1273,2401,11261,hotel_market,1401,0.07056541019955655,0.0003583835097612115,0.00032496773200120103,-0.0133364898060329,240.5902761008335,8
1402,7952,903,1352,5085,hotel_market,1402,0.11355633802816902,0.00020180529162730444,0.00014324519982669348,0.02965443802257957,-235.81209115555274,8
1403,413,9,100,241,hotel_market,1403,0.021791767554479417,1.4926426895510684e-05,7.4396714698722845e-06,-0.06211013245111003,25.65148470230844,104
1404,1958,62,355,1088,hotel_market,1404,0.031664964249233915,5.298881547906293e-05,3.527088798549621e-05,-0.05223693575635553,102.27992021094413,104
1405,207,3,96,135,hotel_market,1405,0.014492753623188406,1.4329369819690255e-05,3.7288426011224285e-06,-0.06940914638240105,14.367693301157017,63
1406,173,9,79,120,hotel_market,1406,0.05202312138728324,1.179187724745344e-05,3.1163757004549764e-06,-0.03187877861830621,5.515028700966974,63
1407,21,1,13,17,hotel_market,1407,0.047619047619047616,1.940435496416389e-06,3.782883798240145e-07,-0.03628285238654183,0.7619399001173784,63
1408,15602,454,2530,9521,hotel_market,1408,0.029098833482886808,0.0003776386004564203,0.00028105025247687017,-0.05480306652270264,855.0374438872067,182
1409,47905,1630,5056,27127,hotel_market,1409,0.03402567581672059,0.0007546801438370202,0.0008629478493080673,-0.049876224188868855,2389.3205197677626,105
1410,32805,851,4929,15992,hotel_market,1410,0.025941167504953514,0.0007357235816797216,0.0005909404904822284,-0.057960732500635936,1901.401829683362,77
1411,63628,1452,12852,30618,hotel_market,1411,0.022820142075815678,0.001918344384611033,0.0011461777634020186,-0.06108175792977377,3886.5100935556457,32
1412,661,49,196,433,hotel_market,1412,0.07413010590015129,2.925579671520094e-05,1.1907077098270171e-05,-0.009771794105438159,6.459155903694623,63
1413,878,111,150,610,hotel_market,1413,0.1264236902050114,2.2389640343266024e-05,1.581605702311832e-05,0.042521790199421955,-37.334131795092475,15
1414,9413,750,1325,5957,hotel_market,1414,0.07967704238818656,0.00019777515636551656,0.00016956326282302134,-0.004224857617402891,39.768584752613414,64
1415,633,70,115,424,hotel_market,1415,0.11058451816745656,1.7165390929837285e-05,1.1402692591838151e-05,0.026682618161867108,-16.890097296461878,15
1416,1929,64,232,1175,hotel_market,1416,0.03317781233799896,3.462931039758478e-05,3.474848974669161e-05,-0.050724087667590484,97.84676511078204,15
1417,2815,76,670,1477,hotel_market,1417,0.02699822380106572,0.00010000706019992158,5.0708656628790515e-05,-0.05690367620452373,160.1838485157343,22
1418,41417,1260,5506,24234,hotel_market,1418,0.030422290363860252,0.0008218490648668182,0.0007460747536748194,-0.053479609641729195,2214.964992531498,208
1419,22460,542,3200,11079,hotel_market,1419,0.02413178984861977,0.0004776456606563419,0.0004045884290879698,-0.059770110156969675,1342.436674125539,208
1420,821,53,182,516,hotel_market,1420,0.06455542021924482,2.7166096949829445e-05,1.478927427788171e-05,-0.019346479786344628,15.883459904588939,77
1421,511,21,158,331,hotel_market,1421,0.0410958904109589,2.358375449490688e-05,9.205017242384352e-06,-0.042806009594630545,21.873870902856208,77
1422,34071,1071,5290,17533,hotel_market,1422,0.03143435766487629,0.0007896079827725152,0.0006137458756659047,-0.05246754234071316,1787.621635090438,77
1423,3158,91,583,1693,hotel_market,1423,0.02881570614312856,8.702106880082728e-05,5.688736683258275e-05,-0.055086193862460886,173.96220021765149,77
1424,11238,359,2214,5265,hotel_market,1424,0.03194518597615234,0.0003304710914666065,0.00020243832440296547,-0.05195671402943711,583.8895522628142,77
1425,936,18,181,490,hotel_market,1425,0.019230769230769232,2.7016832680874336e-05,1.6860853500727502e-05,-0.06467113077482022,60.53217840523172,104
1426,1897,90,354,1087,hotel_market,1426,0.047443331576172906,5.283955121010782e-05,3.417205031076931e-05,-0.03645856842941654,69.16190431060318,151
1427,517,52,138,365,hotel_market,1427,0.10058027079303675,2.0598469115804743e-05,9.313099636619785e-06,0.0166783707874473,-8.622717697110254,63
1428,519,44,116,338,hotel_market,1428,0.08477842003853564,1.731465519879239e-05,9.34912710136493e-06,0.0008765200329461931,-0.4549138970990742,63
1429,3368,125,717,2108,hotel_market,1429,0.03711401425178147,0.00010702248084081159,6.067025063082289e-05,-0.046787885753807976,157.58159921882526,63
1430,1301,102,293,888,hotel_market,1430,0.07840122982321292,4.37344308038463e-05,2.3435865816716325e-05,-0.00550067018237653,7.156371907271865,63
1431,285,26,90,177,hotel_market,1431,0.0912280701754386,1.3433784205959615e-05,5.133913726183053e-06,0.0073261701698491555,-2.0879584984070094,63
1432,1701,79,352,1117,hotel_market,1432,0.04644326866549089,5.2541022672197606e-05,3.0641358765745173e-05,-0.03745863134009856,63.71713190950765,63
1433,15093,308,2065,6924,hotel_market,1433,0.020406811104485525,0.0003082307153922956,0.000271881262699231,-0.06349508890110392,958.3313767843614,100
1434,3823,321,514,2754,hotel_market,1434,0.08396547214229663,7.672183424292492e-05,6.886649886034321e-05,6.357213670718509e-05,-0.2430362786315686,27
1435,660,53,216,442,hotel_market,1435,0.0803030303030303,3.2241082094303074e-05,1.1889063365897598e-05,-0.0035988697025591404,2.3752540036890326,68
1436,18038,1459,2482,11524,hotel_market,1436,0.08088479875817718,0.00037047391554657515,0.00032493170453645585,-0.0030171012474122655,54.42247230082244,206
1437,4244,356,593,2697,hotel_market,1437,0.08388312912346843,8.851371149037836e-05,7.645028018919606e-05,-1.8770882121016408e-05,0.07966362372159363,15
1438,13155,1097,2176,8415,hotel_market,1438,0.08339034587609274,0.00032479904924631245,0.00023697064936118622,-0.0005115541294967024,6.72949457352912,144
1439,4154,386,649,2625,hotel_market,1439,0.09292248435243139,9.687251055186434e-05,7.482904427566458e-05,0.009020584346841942,-37.471507376781425,22
1440,6673,214,1400,3591,hotel_market,1440,0.032069533942754386,0.00020896997653714955,0.00012020563612217374,-0.05183236606283506,345.8773787372984,77
1441,4405,121,827,2305,hotel_market,1441,0.027468785471055617,0.00012344155042587335,7.935049110118018e-05,-0.056433114534533826,248.5878695246215,77
1442,25616,1019,4651,14743,hotel_market,1442,0.039779825109306687,0.0006942281149102019,0.00046143976845580735,-0.04412207489628276,1130.2310705431792,50
1443,555,26,122,309,hotel_market,1443,0.04684684684684685,1.8210240812523033e-05,9.997621466777526e-06,-0.0370550531587426,20.565554503102142,104
1444,2696,230,460,1875,hotel_market,1444,0.08531157270029674,6.866156371934914e-05,4.8565022476454434e-05,0.0014096726947072924,-3.80047758493086,34
1445,2683,261,511,1834,hotel_market,1445,0.09727916511367872,7.627404143605959e-05,4.8330843955610996e-05,0.013377265108089273,-35.89120228500352,34
1446,32613,1709,4121,18771,hotel_market,1446,0.05240241621439303,0.0006151180523639953,0.0005874818538666945,-0.031499483791196416,1027.2926648822886,100
1447,47307,2758,5465,29773,hotel_market,1447,0.05830004016318938,0.0008157292298396589,0.0008521756373492692,-0.025601859842400064,1211.1471835644197,0
1448,4134,255,758,2597,hotel_market,1448,0.061683599419448475,0.00011314231586797098,7.446876962821314e-05,-0.022218300586140972,91.85045462310678,204
1449,20587,900,3142,12510,hotel_market,1449,0.04371690872880944,0.0004689883330569457,0.00037084870835414217,-0.040184991276780005,827.28841541507,204
1450,38058,3196,5248,24686,hotel_market,1450,0.08397708760313206,0.0007833388834764006,0.0006855666266353497,7.518759754261695e-05,-2.8614895872769157,144
1451,10959,246,1827,5634,hotel_market,1451,0.022447303586093623,0.0002727058193809802,0.00019741249307101785,-0.06145459641949583,673.4809221612547,208
1452,52147,4442,11570,33007,hotel_market,1452,0.08518227318925346,0.0017269875918105861,0.0009393621020325183,0.0012803731836640159,-66.76762040852743,204
1453,15721,267,2299,6025,hotel_market,1453,0.01698365243941225,0.00034315855432779063,0.00028319388662920625,-0.0669182475661772,1052.0217699878717,77
1454,24456,463,3210,9363,hotel_market,1454,0.018931959437356885,0.00047913830334589294,0.0004405438389036237,-0.06496994056823256,1588.9048665366956,77
1455,124783,2631,24552,59303,hotel_market,1455,0.021084602870583332,0.003664736331385783,0.0022478075666466668,-0.06281729713500611,7838.530788397467,128
1456,27537,606,3816,13378,hotel_market,1456,0.022006754548425756,0.0005695924503326876,0.0004960441483435184,-0.061895145457163694,1704.4066204539167,8
1457,248925,7801,32118,143586,hotel_market,1457,0.03133875665361052,0.004794069790300121,0.004484068330842515,-0.052563143351978925,13084.280458891353,50
1458,359,30,81,245,hotel_market,1458,0.08356545961002786,1.2090405785363654e-05,6.46692992175339e-06,-0.0003364403955615908,0.12078210200661109,63
1459,181,10,60,142,hotel_market,1459,0.055248618784530384,8.95585613730641e-06,3.2604855594355534e-06,-0.028653281221059063,5.18624390101169,63
1460,1826,136,421,1232,hotel_market,1460,0.07447973713033954,6.284025723009997e-05,3.289307531231669e-05,-0.009422162875249912,17.20486941020634,63
1461,3211,335,528,2241,hotel_market,1461,0.10432886951105574,7.88115340082964e-05,5.784209464832907e-05,0.020426969505466297,-65.59099908205228,203
1462,22091,1016,2795,12753,hotel_market,1462,0.045991580281562625,0.00041719363172952357,0.00039794136184249067,-0.03791031972402682,837.4768730234765,122
1463,49217,3873,7122,31807,hotel_market,1463,0.0786923217587419,0.0010630601234982709,0.0008865818661808819,-0.005209578246847549,256.39981257509584,46
1464,5655,438,1012,3589,hotel_market,1464,0.07745358090185676,0.0001510554401825681,0.00010186765656689533,-0.006448319103732683,36.46524453160832,31
1465,4947,409,920,3128,hotel_market,1465,0.08267636951687891,0.00013732312743869828,8.911393404711427e-05,-0.0012255304887105328,6.062699327651006,204
1466,82014,3567,10379,48447,hotel_market,1466,0.0434925744385105,0.0015492138474850537,0.0014773782468041298,-0.04040932556707895,3314.130427058413,204
1467,10891,951,1678,6906,hotel_market,1467,0.0873198053438619,0.00025046544330666927,0.00019618755926968293,0.0034179053382724506,-37.22440703912526,144
1468,1293,37,286,751,hotel_market,1468,0.028615622583139984,4.268958092116055e-05,2.329175595773575e-05,-0.05528627742244946,71.48515670722715,47
1469,1716,122,308,1073,hotel_market,1469,0.07109557109557109,4.59733948381729e-05,3.0911564751333754e-05,-0.012806328910018358,21.9756604095915,104
1470,777,18,155,431,hotel_market,1470,0.023166023166023165,2.313596168804156e-05,1.3996670053488535e-05,-0.060735876839566286,47.191776304343,104
1471,2263,108,484,1374,hotel_market,1471,0.047724259832081305,7.224390617427171e-05,4.07650763591307e-05,-0.03617764017350814,81.86999971264892,63
1472,542,53,129,389,hotel_market,1472,0.09778597785977859,1.925509069520878e-05,9.763442945934088e-06,0.013884077854189145,-7.5251701969705165,63
1473,956,82,218,628,hotel_market,1473,0.08577405857740586,3.2539610632213286e-05,1.7221128148178944e-05,0.0018721585718164124,-1.7897835946564902,63
1474,37587,698,4265,16487,hotel_market,1474,0.018570250352515496,0.0006366121070935306,0.0006770821586878683,-0.06533164965307395,2455.6207155100906,100
1475,1140,148,222,742,hotel_market,1475,0.12982456140350876,3.3136667708033716e-05,2.0535654904732213e-05,0.04592266139791931,-52.35183399362801,15
1476,2426,270,433,1704,hotel_market,1476,0.11129431162407255,6.463142845756126e-05,4.370131473585996e-05,0.027392411618483103,-66.45399058644001,15
1477,1861,110,436,1210,hotel_market,1477,0.05910800644814616,6.507922126442657e-05,3.352355594535671e-05,-0.02479389355744329,46.14143591040197,204
1478,22504,1850,3482,14397,hotel_market,1478,0.08220760753643797,0.000519738184501682,0.000405381033312363,-0.0016942924691514816,38.128357725784944,204
1479,20487,1354,3277,12540,hotel_market,1479,0.06609069165812466,0.0004891390093658851,0.000369047335116885,-0.017811208347464788,364.8982254145111,204
1480,113506,2548,10854,65583,hotel_market,1480,0.0224481525205716,0.0016201143752387296,0.0020446667066811707,-0.06145374748501785,6975.369062034436,208
1481,20784,476,3476,9414,hotel_market,1481,0.022902232486528097,0.0005188425988879513,0.0003743974136315389,-0.06099966751906135,1267.817089716171,170
1482,46054,1504,6557,24946,hotel_market,1482,0.03265731532548747,0.0009787258115386355,0.0008296044306864363,-0.05124458468010198,2360.0181028574166,77
1483,2145,179,391,1306,hotel_market,1483,0.08344988344988345,5.836232916144677e-05,3.863945593916719e-05,-0.00045201655570599464,0.9695755119893585,104
1484,11650,653,2377,6961,hotel_market,1484,0.05605150214592275,0.00035480116730628896,0.00020985998214046519,-0.027850397859666698,324.45713506511703,36
1485,1668,78,493,1082,hotel_market,1485,0.046762589928057555,7.358728459486766e-05,3.0046905597450294e-05,-0.03713931007753189,61.9483692093232,36
1486,29015,1178,3277,14760,hotel_market,1486,0.040599689815612613,0.0004891390093658851,0.0005226684447901801,-0.043302210189976834,1256.4136286621779,151
1487,1130,72,316,745,hotel_market,1487,0.06371681415929203,4.716750898981376e-05,2.0355517581006494e-05,-0.020185085846297413,22.809147006316078,63
1488,808,59,221,505,hotel_market,1488,0.07301980198019802,3.298740343907861e-05,1.4555095757038272e-05,-0.010882098025391432,8.792735204516276,63
1489,2531,241,449,1617,hotel_market,1489,0.09521928091663374,6.701965676084297e-05,4.559275663498003e-05,0.011317380911044297,-28.644291085853116,63
1490,112289,5930,9800,64920,hotel_market,1490,0.052810159499149516,0.001462789835760047,0.0020227439943837507,-0.03109174050643993,3491.2604497276334,162
1491,9202,195,2028,4929,hotel_market,1491,0.02119104542490763,0.00030270793744095666,0.00016576236529240864,-0.06271085458068182,577.0652838514341,182
1492,13683,334,2714,7219,hotel_market,1492,0.024409851640722065,0.00040510322594415995,0.0002464819000539043,-0.05949204836486738,814.0296977764804,182
1493,98237,2030,8741,50576,hotel_market,1493,0.0206643118173397,0.0013047189749365888,0.001769615027084367,-0.06323758818824975,6212.270950849091,182
1494,2024,84,393,1322,hotel_market,1494,0.041501976284584984,5.866085769935698e-05,3.645979432208597e-05,-0.042399923721004464,85.81744561131303,17
1495,3608,218,597,2169,hotel_market,1495,0.06042128603104213,8.911076856619878e-05,6.49935464002402e-05,-0.023480613974547315,84.71805522016672,70
1496,7936,627,1215,4957,hotel_market,1496,0.0790070564516129,0.0001813560867804548,0.00014295698010873234,-0.004894843553976541,38.84547844435783,144
1497,13112,600,1748,8200,hotel_market,1497,0.04575960951799878,0.0002609139421335267,0.0002361960588691656,-0.038142290487590665,500.1217128732888,105
1498,3851,148,774,2468,hotel_market,1498,0.0384315762139704,0.00011553054417125268,6.937088336677523e-05,-0.04547032379161905,175.10621692152495,105
1499,3521,92,940,1985,hotel_market,1499,0.026128940641863108,0.0001403084128178004,6.342635168382643e-05,-0.05777295936372634,203.41858991968044,77
1500,25425,1390,3006,15606,hotel_market,1500,0.05467059980334316,0.00044868839247905114,0.0004579991455726461,-0.029231300202246284,743.2058076421117,0
1501,8500,629,1861,4960,hotel_market,1501,0.074,0.00027778080452545384,0.00015311672516686302,-0.00990190000558945,84.16615004751033,47
1502,73234,1208,10423,35091,hotel_market,1502,0.016495070595624984,0.0015557814753190786,0.0013192176765729465,-0.06740682940996447,4936.471745009338,47
1503,679596,10501,54308,302432,hotel_market,1503,0.015451827262079235,0.008106243918413941,0.01224206046547052,-0.06845007274351021,46518.39563619857,163
1504,659,60,138,439,hotel_market,1504,0.09104704097116843,2.0598469115804743e-05,1.1871049633525026e-05,0.007145140965578986,-4.708647896316552,17
1505,13699,263,3145,6419,hotel_market,1505,0.019198481640995694,0.00046943612586381096,0.00024677011977186544,-0.06470341836459376,886.3721281765698,32
1506,727,23,191,424,hotel_market,1506,0.03163686382393398,2.8509475370425404e-05,1.309598343485993e-05,-0.05226503618165547,37.99668130406353,205
1507,39440,3075,6310,24203,hotel_market,1507,0.07796653144016227,0.000941857537106724,0.0007104616047742444,-0.005935368565427174,234.09093622044773,50
1508,176308,3295,25490,83408,hotel_market,1508,0.018688885359711416,0.003804746215665673,0.003175965127143445,-0.06521301464587803,11497.576186185464,47
1509,293607,9056,33049,147903,hotel_market,1509,0.030843951268191835,0.004933034824697325,0.005288957920713782,-0.05305794873739761,15578.1851549411,51
1510,1508,48,412,814,hotel_market,1510,0.03183023872679045,6.149687880950402e-05,2.7164708417838754e-05,-0.052071661278798996,78.52406520842888,50
1511,70908,1048,13151,30802,hotel_market,1511,0.014779714559711174,0.0019629744010286098,0.0012773177350743437,-0.06912218544587827,4901.3159255963365,47
1512,233,23,45,141,hotel_market,1512,0.09871244635193133,6.7168921029798074e-06,4.197199642809303e-06,0.01481054634634188,-3.450857298697658,17
1513,2754,257,571,1750,hotel_market,1513,0.09331880900508352,8.5229897573366e-05,4.9609818954063614e-05,0.009416908999494072,-25.934167384606674,50
1514,17844,1119,2738,10873,hotel_market,1514,0.06271015467383995,0.0004086855683990825,0.00032143704045617687,-0.0211917453317495,378.1455036997381,194
1515,2902,286,524,1741,hotel_market,1515,0.09855272226051,7.821447693247598e-05,5.2275851345204284e-05,0.01465082225492055,-42.51668618377944,50
1516,8070,333,2137,5013,hotel_market,1516,0.041263940520446095,0.0003189777427570633,0.000145370820246657,-0.04263795948514335,344.0883330451069,50
1517,68213,4897,10881,41763,hotel_market,1517,0.07178983478222627,0.0016241445105005174,0.001228770726330262,-0.01211206522336318,826.2003050812726,146
1518,39626,1514,5337,22928,hotel_market,1518,0.038207237672235404,0.0007966234034134051,0.0007138121589955427,-0.04569466233335404,1810.6966896214874,180
1519,24600,2957,4960,16161,hotel_market,1519,0.12020325203252033,0.0007403507740173299,0.0004431378163652741,0.03630135202693088,-893.0132598624997,50
1520,399,47,66,289,hotel_market,1520,0.11779448621553884,9.85144175103705e-06,7.187479216656275e-06,0.033892586209949394,-13.523141897769808,17
1521,631,41,163,399,hotel_market,1521,0.06497622820919176,2.4330075839682413e-05,1.1366665127093006e-05,-0.01892567179639769,11.942098903526942,15
1522,5120,342,721,3250,hotel_market,1522,0.066796875,0.00010761953791663203,9.223030974756924e-05,-0.01710502500558944,87.57772802861794,102
1523,303,35,64,198,hotel_market,1523,0.11551155115511551,9.552913213126837e-06,5.458160908889352e-06,0.03160965114952606,-9.577724298306396,17
1524,648,83,106,447,hotel_market,1524,0.12808641975308643,1.5822012509241325e-05,1.1672898577426733e-05,0.044184519747496986,-28.631568796378048,17
1525,11809,981,1822,7162,hotel_market,1525,0.08307223304259463,0.0002719594980362046,0.00021272416558770413,-0.0008296669629948156,9.797537166005776,180
1526,8485,245,1435,4103,hotel_market,1526,0.028874484384207425,0.0002141942259505783,0.00015284651918127444,-0.055027415621382025,466.90762154742646,194
1527,566,72,147,362,hotel_market,1527,0.127208480565371,2.1941847536400703e-05,1.0195772522875818e-05,0.043306580559781566,-24.511524596836367,50
1528,73865,2096,8041,38049,hotel_market,1528,0.028376091518310432,0.001200233986668014,0.0013305843417000395,-0.05552580848727902,4101.413843912865,194
1529,29469,2334,5943,18164,hotel_market,1529,0.07920187315484067,0.0008870775504001999,0.0005308466792873277,-0.004700026850748773,138.5050912647156,50
1530,26532,2184,3226,16455,hotel_market,1530,0.08231569425599276,0.00048152653164917463,0.00047794034730908345,-0.0015862057495966836,42.085210948299206,25
1531,81655,5170,9360,49814,hotel_market,1531,0.06331516747290429,0.0013971135574198,0.0014709113168823763,-0.020586732532685156,1681.0096449564064,13
1532,324805,5737,29050,147006,hotel_market,1532,0.017662905435569035,0.004336127013145854,0.005850950343273287,-0.06623899457002042,21514.756631315482,8
1533,5368,298,1889,3412,hotel_market,1533,0.05551415797317437,0.0002819602040561968,9.669771537596714e-05,-0.028387742032415078,152.38539923000414,105
1534,6950,446,1000,4434,hotel_market,1534,0.06417266187050359,0.00014926426895510683,0.00012519543998937621,-0.019729238135085855,137.1182050388467,15
1535,9349,567,1399,5709,hotel_market,1535,0.06064819766819981,0.00020882071226819445,0.00016841038395117673,-0.023253702337389638,217.39886315225573,204
1536,2940,149,615,1792,hotel_market,1536,0.05068027210884354,9.17975254073907e-05,5.2960373175362025e-05,-0.03322162789674591,97.67158601643298,100
1537,2501,251,433,1624,hotel_market,1537,0.10035985605757697,6.463142845756126e-05,4.505234466380287e-05,0.01645795605198752,-41.16134808602079,76
1538,22116,1389,6881,13763,hotel_market,1538,0.062805208898535,0.0010270874346800902,0.00039839170515180495,-0.02109669110705445,466.5744205236162,50
1539,690,52,142,415,hotel_market,1539,0.07536231884057971,2.119552619162517e-05,1.242947533707476e-05,-0.008539581165009733,5.892311003856715,104
1540,10827,763,1642,6838,hotel_market,1540,0.0704719682275792,0.0002450919296242854,0.00019503468039783832,-0.013429931778010246,145.40587136051693,204
1541,402,39,133,259,hotel_market,1541,0.09701492537313433,1.9852147771029207e-05,7.241520413773992e-06,0.013113025367544884,-5.271436197753044,3
1542,771,40,306,491,hotel_market,1542,0.05188067444876784,4.567486630026269e-05,1.3888587659253102e-05,-0.03202122555682161,24.688364904309463,63
1543,2067,115,627,1373,hotel_market,1543,0.05563618771165941,9.358869663485198e-05,3.723438481410657e-05,-0.02826571229393004,58.42522731155339,135
1544,2418,243,653,1490,hotel_market,1544,0.10049627791563276,9.746956762768476e-05,4.355720487687938e-05,0.016594377910043312,-40.12520578648473,50
1545,4169,331,734,2613,hotel_market,1545,0.07939553849844087,0.00010955997341304841,7.509925026125316e-05,-0.0045063615071485735,18.787021123302402,204
1546,27070,1241,7387,17456,hotel_market,1546,0.0458441078684891,0.0011026151547713743,0.00048763173532552723,-0.038057792137100345,1030.2244331513064,50
1547,88646,2072,11837,45454,hotel_market,1547,0.023373869097308396,0.0017668411516215995,0.001596845319899028,-0.06052803090828105,5365.567827895482,146
1548,35645,1307,5304,20705,hotel_market,1548,0.036667134240426426,0.0007916976825378866,0.0006420994904203332,-0.04723476576516302,1683.683225699236,146
1549,617,53,121,383,hotel_market,1549,0.08589951377633712,1.8060976543567927e-05,1.1114472873876997e-05,0.0019976137707476693,-1.232527696551312,104
1550,293,13,97,201,hotel_market,1550,0.04436860068259386,1.4478634088645363e-05,5.27802358516363e-06,-0.03953329932299559,11.583256701637708,104
1551,276,12,77,173,hotel_market,1551,0.043478260869565216,1.1493348709543225e-05,4.971790134829905e-06,-0.04042363913602423,11.156924401542687,104
1552,2628,117,455,1513,hotel_market,1552,0.04452054794520548,6.791524237457361e-05,4.7340088675119525e-05,-0.03938135206038397,103.49419321468908,194
1553,11774,635,2300,7232,hotel_market,1553,0.053932393409206726,0.0003433078185967457,0.00021209368495466412,-0.02996950659638272,352.86097066581016,50
1554,6518,592,879,4375,hotel_market,1554,0.09082540656643143,0.0001312032924115389,0.00011741350760442507,0.00692350656084198,-45.127415763568024,60
1555,6170,383,870,3784,hotel_market,1555,0.06207455429497569,0.00012985991399094295,0.00011114472873876996,-0.02182734571061376,134.6747230344869,194
1556,8711,679,2518,5635,hotel_market,1556,0.07794742279876019,0.000375847429228959,0.0001569176226974757,-0.005954477206829262,51.869450948689696,198
1557,5959,486,1048,3796,hotel_market,1557,0.08155730827320021,0.00015642895386495196,0.00010734383120815725,-0.0023445917323892396,13.97142213330748,135
1558,225,20,61,161,hotel_market,1558,0.08888888888888889,9.105120406261516e-06,4.053089783828727e-06,0.004986988883299445,-1.1220724987423751,17
1559,24705,531,5751,11674,hotel_market,1559,0.021493624772313296,0.0008584188107608194,0.0004450292582643942,-0.06240827523327615,1541.7964396380871,128
1560,11011,1384,2040,7619,hotel_market,1560,0.12569248932885296,0.0003044991086684179,0.0001983492071543916,0.041790589323263516,-460.1561790384546,50
1561,3052,290,517,1894,hotel_market,1561,0.09501965923984272,7.716962704979023e-05,5.4977911201090105e-05,0.011117759234253274,-33.931401182940995,204
1562,338,19,61,207,hotel_market,1562,0.05621301775147929,9.105120406261516e-06,6.088641541929376e-06,-0.027688882254110155,9.358842201889232,104
1563,2711,160,462,1339,hotel_market,1563,0.05901881224640354,6.896009225725936e-05,4.8835228462043015e-05,-0.024883087759185907,67.458050915153,182
1564,30,3,11,19,hotel_market,1564,0.1,1.6419069585061752e-06,5.404119711771636e-07,0.01609809999441056,-0.48294299983231675,3
1565,286,21,65,197,hotel_market,1565,0.07342657342657342,9.702177482081945e-06,5.151927458555626e-06,-0.010475326579016023,2.9959434015985824,17
1566,318,23,83,208,hotel_market,1566,0.07232704402515723,1.2388934323273867e-05,5.728366894477934e-06,-0.011574855980432217,3.6808042017774447,17
1567,78,3,15,39,hotel_market,1567,0.038461538461538464,2.2389640343266026e-06,1.4050711250606252e-06,-0.04544036154405098,3.5443482004359765,17
1568,15545,1002,2404,9680,hotel_market,1568,0.06445802508845287,0.0003588313025680768,0.0002800234697316336,-0.019443874917136575,302.2550355868881,108
1569,607,55,153,373,hotel_market,1569,0.09060955518945635,2.2837433150131345e-05,1.0934335550151276e-05,0.006707655183866901,-4.071546696607209,182
1570,471,13,181,290,hotel_market,1570,0.027600849256900213,2.7016832680874336e-05,8.484467947481468e-06,-0.056301050748689234,26.51779490263263,182
1571,7515,219,1375,3471,hotel_market,1571,0.029141716566866267,0.00020523836981327189,0.00013537319877987946,-0.05476018343872318,411.5227785420047,208
1572,394,27,94,247,hotel_market,1572,0.06852791878172589,1.4030841281780042e-05,7.097410554793415e-06,-0.015373981223863561,6.057348602202243,37
1573,4212,332,980,2732,hotel_market,1573,0.0788224121557455,0.0001462789835760047,7.587384075327376e-05,-0.005079487849843953,21.39480282354273,204
1574,526,47,89,329,hotel_market,1574,0.08935361216730038,1.3284519937004507e-05,9.475223227972934e-06,0.005451712161710934,-2.867600597059951,15
1575,1418,93,391,934,hotel_market,1575,0.06558533145275035,5.836232916144677e-05,2.5543472504307263e-05,-0.0183165685528391,25.972894207925844,29
1576,430,35,102,230,hotel_market,1576,0.08139534883720931,1.5224955433420897e-05,7.74590492020601e-06,-0.002506551168380139,1.0778170024034597,104
1577,841,84,235,525,hotel_market,1577,0.09988109393579073,3.50771032044501e-05,1.5149548925333151e-05,0.01597919393020128,-13.438502095299276,3
1578,285,28,74,189,hotel_market,1578,0.09824561403508772,1.1045555902677906e-05,5.133913726183053e-06,0.014343714029498272,-4.087958498407008,104
1579,4208,165,1114,2609,hotel_market,1579,0.039211026615969584,0.000166280395615989,7.580178582378347e-05,-0.04469087338961986,188.0591952235204,161
1580,335,31,74,214,hotel_market,1580,0.09253731343283582,1.1045555902677906e-05,6.034600344811659e-06,0.008635413427246372,-2.8928634981275345,15
1581,2375,138,375,1329,hotel_market,1581,0.058105263157894736,5.5974100858165064e-05,4.278261438485878e-05,-0.02579663684769471,61.267012513274935,5
1582,4253,482,520,2590,hotel_market,1582,0.11333176581236774,7.761741985665556e-05,7.661240378054922e-05,0.029429865806778296,-125.1652192762281,8
1583,185,14,63,125,hotel_market,1583,0.07567567567567568,9.40364894417173e-06,3.332540488925842e-06,-0.008226224329913767,1.521851501034047,3
1584,660,19,182,384,hotel_market,1584,0.02878787878787879,2.7166096949829445e-05,1.1889063365897598e-05,-0.055114021217710654,36.37525400368903,182
1585,51,4,26,34,hotel_market,1585,0.0784313725490196,3.880870992832778e-06,9.18700351001178e-07,-0.00547052745656984,0.27899690028506186,3
1586,1832,150,401,1193,hotel_market,1586,0.08187772925764192,5.985497185099784e-05,3.300115770655212e-05,-0.002024170747947529,3.708280810239873,63
1587,207,12,56,110,hotel_market,1587,0.057971014492753624,8.358799061485982e-06,3.7288426011224285e-06,-0.025930885512835823,5.367693301157016,104
1588,453,58,105,321,hotel_market,1588,0.1280353200883002,1.5672748240286216e-05,8.160220764775169e-06,0.04413342008271076,-19.992439297467975,79
1589,772,56,115,480,hotel_market,1589,0.07253886010362694,1.7165390929837285e-05,1.3906601391625676e-05,-0.01136303990196251,8.772266804315057,17
1590,3317,314,817,1997,hotel_market,1590,0.09466385287910763,0.00012194890773632228,5.9751550279821714e-05,0.01076195287351818,-35.697397681459805,198
1591,13177,367,1893,5783,hotel_market,1591,0.027851559535554377,0.0002825572611320172,0.0002373669514733828,-0.05605034047003507,738.5753363736521,200
1592,1329,123,301,879,hotel_market,1592,0.09255079006772009,4.4928544955487157e-05,2.3940250323148346e-05,0.00864889006213064,-11.49437489257162,63
1593,3289,272,547,2028,hotel_market,1593,0.08269990878686531,8.164755511844344e-05,5.9247165773389696e-05,-0.0012019912187241355,3.9533491183836817,194
1594,8566,855,1654,5787,hotel_market,1594,0.09981321503618959,0.0002468831008517467,0.00015430563150345276,0.015911315030600143,-136.29632455212084,144
1595,2187,220,392,1459,hotel_market,1595,0.1005944215820759,5.851159343040188e-05,3.939603269881522e-05,0.016692521576486458,-36.506544687775886,204
1596,664,85,178,492,hotel_market,1596,0.1280120481927711,2.6569039874009015e-05,1.1961118295387886e-05,0.04411014818718165,-29.289138396288614,63
1597,61,1,23,44,hotel_market,1597,0.01639344262295082,3.433078185967457e-06,1.0988376747268992e-06,-0.06750845738263862,4.118015900340956,17
1598,882,154,239,618,hotel_market,1598,0.1746031746031746,3.567416028027053e-05,1.588811195260861e-05,0.09070127459758515,-79.9985241950701,198
1599,2643,213,481,1615,hotel_market,1599,0.08059023836549375,7.179611336740638e-05,4.7610294660708105e-05,-0.003311661640095692,8.752721714772914,28
1600,14103,204,4439,7276,hotel_market,1600,0.01446500744522442,0.0006625840898917192,0.0002540476676503846,-0.06943689256036503,979.2684957788281,32
1601,779,49,184,487,hotel_market,1601,0.06290115532734275,2.7464625487739657e-05,1.403269751823368e-05,-0.021000744678246697,16.359580104354176,182
1602,3154,218,625,1962,hotel_market,1602,0.06911857958148383,9.329016809694177e-05,5.681531190309246e-05,-0.014783320424105614,46.62659261762911,194
1603,7127,495,1091,4311,hotel_market,1603,0.06945418829802161,0.00016284731743002154,0.0001283838706193215,-0.01444771170756784,102.96884133983599,208
1604,1551,28,551,768,hotel_market,1604,0.018052869116698903,8.224461219426386e-05,2.7939298909859356e-05,-0.06584903088889055,102.13184690866925,182
1605,539,50,102,325,hotel_market,1605,0.09276437847866419,1.5224955433420897e-05,9.709401748816372e-06,0.008862478473074739,-4.776875896987284,104
1606,146,19,37,101,hotel_market,1606,0.13013698630136986,5.522777951338953e-06,2.6300049263955293e-06,0.04623508629578041,-6.7503225991839395,162
1607,340,21,72,172,hotel_market,1607,0.061764705882352944,1.0747027364767693e-05,6.12466900667452e-06,-0.022137194123236503,7.526646001900411,104
1608,779,37,210,518,hotel_market,1608,0.04749679075738126,3.134549648057243e-05,1.403269751823368e-05,-0.03640510924820819,28.35958010435418,17
1609,1998,189,396,1381,hotel_market,1609,0.0945945945945946,5.9108650506222304e-05,3.5991437280399094e-05,0.010692694589005153,-21.364003788832296,34
1610,1655,127,450,999,hotel_market,1610,0.07673716012084592,6.716892102979807e-05,2.9812727076606856e-05,-0.007164739884743532,11.857644509250544,104
1611,737,30,251,395,hotel_market,1611,0.0407055630936228,3.7465331507731816e-05,1.3276120758585651e-05,-0.04319633691196665,31.83570030411942,36
1612,6987,432,1448,4464,hotel_market,1612,0.061829111206526406,0.00021613466144699468,0.00012586194808716138,-0.02207278879906304,154.22257533905346,104
1613,2281,113,702,1388,hotel_market,1613,0.049539675580885574,0.00010478351680648499,4.1089323541837004e-05,-0.03436222442470387,78.38023391274953,36
1614,99090,3540,22516,58228,hotel_market,1614,0.03572509839539812,0.003360834279793185,0.001784980740798171,-0.048176801610191326,4773.839271553858,204
1615,3337,52,982,1843,hotel_market,1615,0.015582858855259216,0.00014657751211391492,6.011182492727316e-05,-0.06831904115033023,227.98064031865198,36
1616,24398,552,5682,13048,hotel_market,1616,0.02262480531191081,0.000848119576202917,0.0004394990424260145,-0.06127709469367863,1495.0385563363714,35
1617,1575,49,549,946,hotel_market,1617,0.03111111111111111,8.194608365635365e-05,2.8371628486801085e-05,-0.05279078889447834,83.14549250880339,36
1618,427,34,95,252,hotel_market,1618,0.07962529274004684,1.418010555073515e-05,7.691863723088294e-06,-0.0042766072655426035,1.8261113023866917,105
1619,1579,94,533,1024,hotel_market,1619,0.059531348955034834,7.955785535307194e-05,2.8443683416291374e-05,-0.024370551050554613,38.481100108825736,8
1620,1343,221,396,907,hotel_market,1620,0.16455696202531644,5.9108650506222304e-05,2.4192442576364356e-05,0.080655062019727,-108.31974829249336,198
1621,581,65,195,374,hotel_market,1621,0.11187607573149742,2.910653244624583e-05,1.0465978508464401e-05,0.027974175725907977,-16.252996096752533,198
1622,601,88,201,441,hotel_market,1622,0.1464226289517471,3.0002118059976473e-05,1.0826253155915843e-05,0.06252072894615765,-37.57495809664075,198
1623,7264,724,1422,4913,hotel_market,1623,0.09966960352422907,0.00021225379045416193,0.00013085175195436387,0.015767703518639625,-114.53659835939824,198
1624,8846,763,1988,5876,hotel_market,1624,0.08625367397693873,0.0002967373666827524,0.00015934947656777296,0.0023517739713492802,-20.803792550555734,198
1625,3739,320,950,2411,hotel_market,1625,0.08558438085049479,0.0001418010555073515,6.735334534104714e-05,0.0016824808449053402,-6.290795879101067,198
1626,4617,160,1524,2844,hotel_market,1626,0.03465453757851419,0.0002274787458875828,8.316940236416547e-05,-0.04924736242707526,227.37507232580649,198
1627,6430,632,1434,4169,hotel_market,1627,0.09828926905132193,0.00021404496168162318,0.00011582829915563871,0.014387369045732484,-92.51078296405987,198
1628,37283,814,6101,19906,hotel_market,1628,0.021833007000509615,0.0009106613048951068,0.0006716059840466063,-0.06206889300507983,2314.1145379083914,50
1629,12263,449,3108,6873,hotel_market,1629,0.03661420533311588,0.00046391334791247204,0.0002209024000848519,-0.04728769467247357,579.8889997685434,50
1630,22212,893,3860,13019,hotel_market,1630,0.04020349360705925,0.0005761600781667124,0.0004001210234595719,-0.0436984063985302,970.6290029241527,50
1631,3306,403,836,2248,hotel_market,1631,0.12189957652752571,0.00012478492884646932,5.955339922372342e-05,0.037997676521936266,-125.62031858152129,50
1632,25003,1935,5223,16722,hotel_market,1632,0.07739071311442627,0.000779607276752523,0.0004503973505114207,-0.006511186891163173,162.79920583975283,50
1633,38466,2925,8301,23644,hotel_market,1633,0.0760411792232101,0.001239042696596342,0.0006929162294433591,-0.007860720782379343,302.3704856150038,50
1634,61616,3147,8732,37413,hotel_market,1634,0.0510743962607115,0.001303375596515993,0.0011099341338684037,-0.032827503744877945,2022.6994707443994,50
1635,2169,292,656,1497,hotel_market,1635,0.13462425080682341,9.791736043455008e-05,3.9071785516108925e-05,0.05072235080123397,-110.01677888787647,198
1636,143,3,74,97,hotel_market,1636,0.02097902097902098,1.1045555902677906e-05,2.575963729277813e-06,-0.06292287902656847,8.997971700799292,198
1637,8249,1076,1679,5393,hotel_market,1637,0.13044005333979877,0.00025061470757562436,0.0001485952783413474,0.046538153334209326,-383.8932268538927,50
1638,578,73,110,361,hotel_market,1638,0.12629757785467127,1.6419069585061752e-05,1.0411937311346684e-05,0.042395677849081825,-24.504701796769297,198
1639,3738,396,1166,2477,hotel_market,1639,0.10593900481540931,0.00017404213760165456,6.733533160867458e-05,0.022037104809819866,-82.37469777910665,50
1640,5451,413,1983,3531,hotel_market,1640,0.07576591451109888,0.00029599104533797687,9.819285516289061e-05,-0.008135985494490572,44.34925693046811,50
1641,2463,380,711,1646,hotel_market,1641,0.15428339423467316,0.00010612689522708096,4.436782283364513e-05,0.07038149422908371,-173.34962028623318,50
1642,4047,441,1566,2749,hotel_market,1642,0.10896960711638251,0.0002337478451836973,7.290157491179936e-05,0.025067707110793064,-101.44901067737953,50
1643,3560,463,702,2270,hotel_market,1643,0.1300561797752809,0.00010478351680648499,6.412888724635674e-05,0.04615427976969144,-164.30923598010153,50
1644,1778,190,349,1098,hotel_market,1644,0.10686164229471316,5.2093229865332285e-05,3.202841615843323e-05,0.022959742289123716,-40.822421790061966,50
1645,3658,528,988,2411,hotel_market,1645,0.1443411700382723,0.00014747309772764554,6.589423301886881e-05,0.060439270032682846,-221.08684977955386,50
1646,5239,644,1020,3420,hotel_market,1646,0.12292422217980531,0.00015224955433420896,9.437394389990533e-05,0.03902232217421586,-204.4379458707169,50
1647,662,29,249,413,hotel_market,1647,0.04380664652567976,3.71668029698216e-05,1.1925090830642743e-05,-0.040095253479909686,26.54305780370021,198
1648,3333,307,810,2078,hotel_market,1648,0.0921092109210921,0.00012090405785363653,6.003976999778287e-05,0.008207310915502655,-27.35496728137035,50
1649,8215,941,1919,5346,hotel_market,1649,0.11454656116859403,0.00028643813212485,0.00014798281144067996,0.030644661163004586,-251.74589145408268,50
1650,8910,1208,1876,5814,hotel_market,1650,0.1355780022446689,0.00028001976855978044,0.00016050235543961757,0.05167610223907945,-460.4340709501979,50
1651,678,79,237,462,hotel_market,1651,0.11651917404129794,3.537563174236032e-05,1.2213310548603897e-05,0.03261727403570849,-22.11451179621036,50
1652,731,41,290,433,hotel_market,1652,0.0560875512995896,4.328663799698098e-05,1.3168038364350218e-05,-0.027814348705999845,20.332288904085885,50
1653,1015,155,273,688,hotel_market,1653,0.15270935960591134,4.0749145424744166e-05,1.82839383581607e-05,0.06880745960032189,-69.83957149432672,50
1654,8976,1035,1580,5958,hotel_market,1654,0.11530748663101605,0.00023583754494906878,0.00016169126177620734,0.0314055866254266,-281.89654554982917,50
1655,737,109,216,496,hotel_market,1655,0.14789687924016282,3.2241082094303074e-05,1.3276120758585651e-05,0.06399497923457337,-47.16429969588057,50
1656,8829,1136,1789,5987,hotel_market,1656,0.12866689319288707,0.00026703377716068614,0.00015904324311743923,0.044764993187297625,-395.2301248506507,50
1657,12028,905,2182,7687,hotel_market,1657,0.0752411040904556,0.0003256946348600431,0.00021666917297729742,-0.008660795915133843,104.17205326722986,198
1658,3328,424,772,2068,hotel_market,1658,0.12740384615384615,0.00011523201563334248,5.994970133592001e-05,0.0435019461482567,-144.77447678139828,50
1659,425,39,102,295,hotel_market,1659,0.09176470588235294,1.5224955433420897e-05,7.65583625834315e-06,0.007862805876763496,-3.3416924976244857,198
1660,45,0,29,30,hotel_market,1660,0.0,4.328663799698098e-06,8.106179567657454e-07,-0.08390190000558945,3.775585500251525,198
1661,980,159,254,691,hotel_market,1661,0.16224489795918368,3.791312431459714e-05,1.7653457725120676e-05,0.07834299795359423,-76.77613799452234,198
1662,2263,167,650,1391,hotel_market,1662,0.07379584622182943,9.702177482081943e-05,4.07650763591307e-05,-0.010106053783760019,22.869999712648923,50
1663,3132,309,673,1988,hotel_market,1663,0.09865900383141762,0.00010045485300678689,5.6419009790895874e-05,0.014757103825828177,-46.219249182493854,198
1664,3936,459,986,2528,hotel_market,1664,0.11661585365853659,0.00014717456918973533,7.090205061844385e-05,0.032713953652947145,-128.76212157799995,50
1665,1128,159,291,702,hotel_market,1665,0.14095744680851063,4.3435902265936084e-05,2.031949011626135e-05,0.057055546802921187,-64.3586567936951,198
1666,3737,449,728,2374,hotel_market,1666,0.12014985282312014,0.00010866438779931778,6.7317317876302e-05,0.036247952817530696,-135.4585996791122,50
1667,521,45,239,340,hotel_market,1667,0.08637236084452975,3.567416028027053e-05,9.385154566110073e-06,0.0024704608389403,-1.2871100970878961,198
1668,7115,769,1595,4470,hotel_market,1668,0.10808151791988756,0.0002380765089833954,0.00012816770583085063,0.02417961791429811,-172.03798146023107,198
1669,4752,624,1072,3087,hotel_market,1669,0.13131313131313133,0.00016001129631987453,8.560125623446271e-05,0.04741123130754188,-225.29817117343902,50
1670,3708,371,838,2465,hotel_market,1670,0.1000539374325782,0.0001250834573843795,6.679491963749742e-05,0.016152037426988758,-59.891754779274315,198
1671,832,71,307,537,hotel_market,1671,0.08533653846153846,4.58241305692178e-05,1.4987425333980002e-05,0.0014346384559490166,-1.1936191953495818,198
1672,4248,541,930,2772,hotel_market,1672,0.12735404896421845,0.00013881577012824934,7.652233511868635e-05,0.043452148958629006,-184.58472877625601,50
1673,3932,552,910,2659,hotel_market,1673,0.14038657171922686,0.00013583048474914721,7.082999568895356e-05,0.05648467171363741,-222.09772917802232,50
1674,1783,255,418,1237,hotel_market,1674,0.1430173864273696,6.239246442323466e-05,3.2118484820296085e-05,0.05911548642178016,-105.40291229003402,198
1675,19811,2153,3377,12996,hotel_market,1675,0.10867699762758064,0.0005040654362613958,0.00035687005203302623,0.02477509762199119,-490.8194589892675,50
1676,114,15,39,73,hotel_market,1676,0.13157894736842105,5.821306489249166e-06,2.0535654904732213e-06,0.0476770473628316,-5.435183399362802,63
1677,286,22,75,163,hotel_market,1677,0.07692307692307693,1.1194820171633012e-05,5.151927458555626e-06,-0.00697882308251252,1.9959434015985806,63
1678,165,13,47,125,hotel_market,1678,0.07878787878787878,7.015420640890021e-06,2.9722658414743994e-06,-0.005114021217710665,0.8438135009222598,63
1679,186,15,78,125,hotel_market,1679,0.08064516129032258,1.1642612978498333e-05,3.350554221298414e-06,-0.0032567387152668686,0.6057534010396376,63
1680,171,15,49,109,hotel_market,1680,0.08771929824561403,7.313949178800235e-06,3.0803482357098324e-06,0.003817398240024583,-0.6527750990442037,63
1681,190,7,83,132,hotel_market,1681,0.03684210526315789,1.2388934323273867e-05,3.4226091507887025e-06,-0.047059794742431556,8.941361001061995,63
1682,352,23,84,196,hotel_market,1682,0.06534090909090909,1.2538198592228973e-05,6.340833795145386e-06,-0.01856099091468036,6.533468801967486,63
1683,437,60,90,321,hotel_market,1683,0.13729977116704806,1.3433784205959615e-05,7.872001046814016e-06,0.05339787116145861,-23.334869697557412,63
1684,490,34,134,349,hotel_market,1684,0.06938775510204082,2.0001412039984316e-05,8.826728862560338e-06,-0.014514144903548631,7.11193100273883,63
1685,122,12,44,91,hotel_market,1685,0.09836065573770492,6.567627834024701e-06,2.1976753494537983e-06,0.01445875573211547,-1.7639681993180871,63
1686,81,7,31,63,hotel_market,1686,0.08641975308641975,4.627192337608312e-06,1.4591123221783417e-06,0.0025178530808303012,-0.2039460995472544,63
1687,234,27,61,163,hotel_market,1687,0.11538461538461539,9.105120406261516e-06,4.2152133751818756e-06,0.031482715379025944,-7.366955398692071,63
1688,217,30,74,161,hotel_market,1688,0.1382488479262673,1.1045555902677906e-05,3.90897992484815e-06,0.054346947920677846,-11.793287698787093,63
1689,292,17,109,185,hotel_market,1689,0.05821917808219178,1.6269805316106643e-05,5.260009852791059e-06,-0.02568272192339767,7.499354801632119,63
1690,248,11,126,148,hotel_market,1690,0.04435483870967742,1.880729788834346e-05,4.4674056283978855e-06,-0.039547061295912025,9.807671201386182,36
1691,460,35,97,248,hotel_market,1691,0.07608695652173914,1.4478634088645363e-05,8.286316891383175e-06,-0.007814943483850312,3.594874002571143,104
1692,251,33,66,162,hotel_market,1692,0.13147410358565736,9.85144175103705e-06,4.521446825515602e-06,0.04757220358006792,-11.940623098597047,104
1693,1048,57,277,654,hotel_market,1693,0.05438931297709924,4.134620250056459e-05,1.887839152645558e-05,-0.02951258702849021,30.92919120585774,104
1694,274,38,72,178,hotel_market,1694,0.1386861313868613,1.0747027364767693e-05,4.935762670084761e-06,0.054784231381271864,-15.010879398468491,104
1695,298,24,58,179,hotel_market,1695,0.08053691275167785,8.657327599396195e-06,5.368092247026491e-06,-0.0033649872539116,1.0027662016656569,104
1696,165,12,52,104,hotel_market,1696,0.07272727272727272,7.761741985665555e-06,2.9722658414743994e-06,-0.011174627278316723,1.8438135009222594,104
1697,181,16,49,118,hotel_market,1697,0.08839779005524862,7.313949178800235e-06,3.2604855594355534e-06,0.004495890049659168,-0.8137560989883095,104
1698,1089,21,410,593,hotel_market,1698,0.01928374655647383,6.11983502715938e-05,1.9616954553731038e-05,-0.06461815344911562,70.3691691060869,36
1699,304,23,72,194,hotel_market,1699,0.0756578947368421,1.0747027364767693e-05,5.476174641261924e-06,-0.008244005268747343,2.506177601699192,104
1700,773,13,335,451,hotel_market,1700,0.016817593790426907,5.000353009996079e-05,1.3924615123998247e-05,-0.06708430621516254,51.85616870432064,36
1701,315211,6325,23036,159862,hotel_market,1701,0.020065924095288554,0.003438451699649841,0.00567812659489083,-0.0638359759103009,20121.801802661856,5
1702,240,14,72,153,hotel_market,1702,0.058333333333333334,1.0747027364767693e-05,4.3232957694173085e-06,-0.025568566672256113,6.136456001341467,106
1703,2531,160,735,1597,hotel_market,1703,0.06321612011062822,0.00010970923768200352,4.559275663498003e-05,-0.02068577989496123,52.355708914146874,106
1704,1046,91,201,625,hotel_market,1704,0.0869980879541109,3.0002118059976473e-05,1.8842364061710436e-05,0.003096187948521456,-3.238612594153443,106
1705,403,33,72,259,hotel_market,1705,0.08188585607940446,1.0747027364767693e-05,7.2595341461465635e-06,-0.002016043926184985,0.812465702252549,34
1706,17894,516,5129,9858,hotel_market,1706,0.0288364815021795,0.0007655764354707429,0.0003223377270748055,-0.055065418503409944,985.3405987000175,130
1707,4508,151,831,2752,hotel_market,1707,0.03349600709849157,0.0001240386075016938,8.12059055355551e-05,-0.05040589290709788,227.22976522519724,182
1708,343,35,97,232,hotel_market,1708,0.10204081632653061,1.4478634088645363e-05,6.178710203792236e-06,0.018138916320941167,-6.221648298082821,162
1709,69,9,26,42,hotel_market,1709,0.13043478260869565,3.880870992832778e-06,1.2429475337074762e-06,0.0465328826031062,-3.2107688996143278,162
1710,4134,103,641,2335,hotel_market,1710,0.024915336236090952,9.567839640022348e-05,7.446876962821314e-05,-0.0589865637694985,243.8504546231068,162
1711,674,80,145,494,hotel_market,1711,0.11869436201780416,2.164331899849049e-05,1.2141255619113608e-05,0.03479246201221471,-23.450119396232715,142
1712,2128,65,444,1101,hotel_market,1712,0.030545112781954886,6.627333541606743e-05,3.833322248883347e-05,-0.05335678722363456,113.54324321189434,73
1713,4574,336,698,2967,hotel_market,1713,0.07345867949278531,0.00010418645973066457,8.239481187214487e-05,-0.010443220512804136,47.76729062556612,203
1714,353,46,105,260,hotel_market,1714,0.13031161473087818,1.5672748240286216e-05,6.358847527517957e-06,0.04640971472528874,-16.382629298026924,101
1715,6734,209,936,3281,hotel_market,1715,0.031036531036531038,0.00013971135574198,0.00012130447379690064,-0.05286536896905841,355.9953946376394,73
1716,1445,85,283,935,hotel_market,1716,0.058823529411764705,4.224178811429523e-05,2.602984327836671e-05,-0.025078370593824742,36.23824550807675,203
1717,865,64,229,560,hotel_market,1717,0.07398843930635839,3.418151759071947e-05,1.558187850227488e-05,-0.009913460699231061,8.575143504834868,194
1718,330,14,109,201,hotel_market,1718,0.04242424242424243,1.6269805316106643e-05,5.944531682948799e-06,-0.04147765758134702,13.687627001844517,194
1719,714,55,144,445,hotel_market,1719,0.07703081232492998,2.1494054729535385e-05,1.2861804914016493e-05,-0.006871087680659471,4.905956603990862,194
1720,1230,126,284,847,hotel_market,1720,0.1024390243902439,4.239105238325034e-05,2.2156890818263704e-05,0.01853712438465445,-22.800662993124973,18
1721,329,30,108,221,hotel_market,1721,0.0911854103343465,1.6120541047151537e-05,5.926517950576227e-06,0.007283510328757056,-2.3962748981610713,145
1722,8373,562,1280,5043,hotel_market,1722,0.06712050638958557,0.00019105826426253674,0.00015082898115554634,-0.01678139361600388,140.51060874680047,73
1723,2398,183,438,1546,hotel_market,1723,0.07631359466221851,6.537774980233679e-05,4.319693022942794e-05,-0.007588305343370932,18.196756213403496,23
1724,5134,495,1248,3521,hotel_market,1724,0.09641604986365407,0.00018628180765597332,9.248250200078526e-05,0.012514149858064622,-64.24764537130376,68
1725,2964,135,561,1797,hotel_market,1725,0.04554655870445344,8.373725488381493e-05,5.339270275230376e-05,-0.038355341301136006,113.68523161656712,64
1726,652,68,133,428,hotel_market,1726,0.10429447852760736,1.9852147771029207e-05,1.1744953506917021e-05,0.02039257852201791,-13.295961196355677,64
1727,652,30,169,401,hotel_market,1727,0.046012269938650305,2.5225661453413055e-05,1.1744953506917021e-05,-0.03788963006693914,24.70403880364432,64
1728,797,70,132,521,hotel_market,1728,0.08782936010037641,1.97028835020741e-05,1.4356944700939978e-05,0.003927460094786964,-3.13018569554521,15
1729,315,38,101,206,hotel_market,1729,0.12063492063492064,1.507569116446579e-05,5.674325697360217e-06,0.03673302062933119,-11.570901498239325,15
1730,223,17,31,148,hotel_market,1730,0.07623318385650224,4.627192337608312e-06,4.017062319083582e-06,-0.007668716149087207,1.7101237012464472,17
1731,1220,92,332,759,hotel_market,1731,0.07540983606557378,4.955573729309547e-05,2.1976753494537985e-05,-0.00849206394001567,10.360318006819117,180
1732,3492,379,653,2296,hotel_market,1732,0.10853379152348225,9.746956762768476e-05,6.290395344502183e-05,0.0246318915178928,-86.01456518048167,169
1733,2822,213,536,1697,hotel_market,1733,0.07547838412473423,8.000564815993727e-05,5.0834752755398516e-05,-0.008423515880855215,23.771161815773414,169
1734,208,8,60,118,hotel_market,1734,0.038461538461538464,8.95585613730641e-06,3.7468563334950005e-06,-0.04544036154405098,9.451595201162604,169
1735,2478,108,454,1542,hotel_market,1735,0.043583535108958835,6.77659781056185e-05,4.463802881923371e-05,-0.04031836489663061,99.90890821385065,169
1736,31,5,12,23,hotel_market,1736,0.16129032258064516,1.7911712274612819e-06,5.584257035497357e-07,0.07738842257505571,-2.399041099826727,169
1737,6313,291,1453,3937,hotel_market,1737,0.046095358783462693,0.00021688098279177022,0.00011372069246804778,-0.037806541222126754,238.6726947352862,180
1738,448,14,122,268,hotel_market,1738,0.03125,1.8210240812523033e-05,8.070152102912309e-06,-0.05265190000558945,23.588051202504072,199
1739,6406,309,1158,3825,hotel_market,1739,0.04823602872307212,0.0001728480234500137,0.000115395969578697,-0.035665871282517324,228.475571435806,180
1740,563,26,216,408,hotel_market,1740,0.046181172291296625,3.2241082094303074e-05,1.0141731325758102e-05,-0.03772072771429282,21.23676970314686,4
1741,523,13,159,368,hotel_market,1741,0.0248565965583174,2.3733018763861986e-05,9.421182030855218e-06,-0.059045303447272046,30.88069370292328,17
1742,2498,145,475,1420,hotel_market,1742,0.05804643714971978,7.090052775367575e-05,4.499830346668515e-05,-0.02585546285586967,64.58694621396243,180
1743,574,40,133,368,hotel_market,1743,0.06968641114982578,1.9852147771029207e-05,1.0339882381856396e-05,-0.014215488855763667,8.159690603208345,199
1744,188,21,56,143,hotel_market,1744,0.11170212765957446,8.358799061485982e-06,3.3865816860435584e-06,0.027800227653985016,-5.226442798949183,15
1745,1019,50,335,595,hotel_market,1745,0.04906771344455348,5.000353009996079e-05,1.835599328765099e-05,-0.034834186561035964,35.496036105695644,180
1746,4723,571,1147,3182,hotel_market,1746,0.12089773449078975,0.00017120611649150752,8.507885799565811e-05,0.0369958344852003,-174.731326273601,17
1747,965,97,280,654,hotel_market,1747,0.10051813471502591,4.179399530742991e-05,1.7383251739532096e-05,0.01661623470943646,-16.034666494606185,15
1748,972,67,235,623,hotel_market,1748,0.06893004115226338,3.50771032044501e-05,1.75093478661401e-05,-0.014971858853326067,14.552646805432937,206
1749,1263,138,287,821,hotel_market,1749,0.10926365795724466,4.283884519011566e-05,2.2751343986558584e-05,0.02536175795165521,-32.031900292940534,206
1750,500,28,98,298,hotel_market,1750,0.056,1.462789835760047e-05,9.00686618628606e-06,-0.027901900005589446,13.950950002794723,206
1751,203,19,46,128,hotel_market,1751,0.09359605911330049,6.866156371934914e-06,3.65678767163214e-06,0.009694159107711042,-1.9679142988653415,17
1752,1023,69,267,690,hotel_market,1752,0.06744868035190615,3.9853559811013524e-05,1.8428048217141275e-05,-0.016453219653683293,16.831643705718008,72
1753,2199,134,445,1451,hotel_market,1753,0.06093678944974989,6.642259968502254e-05,3.9612197487286086e-05,-0.02296511055583956,50.50027811229119,72
1754,107,7,21,61,hotel_market,1754,0.06542056074766354,3.1345496480572432e-06,1.9274693638652167e-06,-0.018481339257925902,1.9775033005980716,17
1755,43,3,16,31,hotel_market,1755,0.06976744186046512,2.3882283032817093e-06,7.745904920206011e-07,-0.014134458145124332,0.6077817002403463,17
1756,2500,240,745,1609,hotel_market,1756,0.096,0.00011120188037155458,4.503433093143029e-05,0.012098099994410555,-30.245249986026387,204
1757,3227,244,590,2012,hotel_market,1757,0.07561202355128602,8.806591868351303e-05,5.813031436629022e-05,-0.00828987645430343,26.751431318037167,204
1758,3296,227,555,2073,hotel_market,1758,0.06887135922330097,8.284166927008429e-05,5.9373261899997704e-05,-0.015030540782288479,49.540662418422826,204
1759,3122,344,587,2162,hotel_market,1759,0.11018577834721333,8.761812587664772e-05,5.623887246717015e-05,0.02628387834162388,-82.05826818254975,204
1760,7053,644,1169,4572,hotel_market,1760,0.09130866298029207,0.0001744899304085199,0.00012705085442375115,0.0074067629747026215,-52.23989926057759,204
1761,2750,336,616,1788,hotel_market,1761,0.12218181818181818,9.19467896763458e-05,4.953776402457333e-05,0.038279918176228736,-105.26977498462902,204
1762,3332,347,736,2170,hotel_market,1762,0.10414165666266506,0.00010985850195095863,6.0021756265410295e-05,0.020239756657075614,-67.43886918137595,204
1763,2395,206,556,1536,hotel_market,1763,0.08601252609603341,8.29909335390394e-05,4.314288903231022e-05,0.002110626090443962,-5.05494948661329,204
1764,5457,464,1165,3527,hotel_market,1764,0.08502840388491845,0.00017389287333269946,9.830093755712606e-05,0.0011265038793289994,-6.1473316694983495,204
1765,1642,156,394,1042,hotel_market,1765,0.09500609013398295,5.881012196831209e-05,2.957854855576342e-05,0.011104190128393504,-18.233080190822132,204
1766,2830,194,564,1792,hotel_market,1766,0.0685512367491166,8.418504769068026e-05,5.0978862614379096e-05,-0.015350663256472843,43.442377015818145,204
1767,8511,421,1542,5435,hotel_market,1767,0.049465397720596875,0.00023016550272877474,0.0001533148762229613,-0.03443650228499257,293.08907094757177,204
1768,514,51,190,342,hotel_market,1768,0.09922178988326848,2.83602111014703e-05,9.259058439502068e-06,0.01531988987767903,-7.874423397127021,204
1769,1718,133,377,1138,hotel_market,1769,0.07741559953434225,5.6272629396075276e-05,3.09475922160789e-05,-0.0064863004712471944,11.14346420960268,204
1770,2427,183,556,1612,hotel_market,1770,0.0754017305315204,8.29909335390394e-05,4.371932846823253e-05,-0.00850016947406905,20.629911313565582,204
1771,3442,249,525,2070,hotel_market,1771,0.07234166182452063,7.836374120143109e-05,6.200326682639322e-05,-0.011560238181068813,39.79033981923885,204
1772,2731,300,529,1866,hotel_market,1772,0.10984987184181619,7.896079827725151e-05,4.919550310949445e-05,0.02594797183622674,-70.86391108473524,204
1773,2056,210,454,1273,hotel_market,1773,0.10214007782101167,6.77659781056185e-05,3.703623375800827e-05,0.018238177815422224,-37.49769358850809,204
1774,15090,722,3368,9072,hotel_market,1774,0.047846255798542084,0.0005027220578407998,0.00027182722150211324,-0.03605564420704736,544.0796710843447,204
1775,2579,274,531,1693,hotel_market,1775,0.10624272974020939,7.925932681516173e-05,4.6457415788863496e-05,0.02234082973461994,-57.616999885584825,204
1776,7668,840,1617,4989,hotel_market,1776,0.10954616588419405,0.00024136032290040775,0.00013812929983288301,0.025644265878604605,-196.6402307571401,204
1777,12821,1043,2318,7970,hotel_market,1777,0.0813509086654707,0.0003459945754379376,0.00023095406274874713,-0.002550991340118741,32.706259971662384,204
1778,3812,366,800,2534,hotel_market,1778,0.09601259181532004,0.00011941141516408547,6.866834780424492e-05,0.012110691809730595,-46.16595717869303,204
1779,335,36,95,242,hotel_market,1779,0.10746268656716418,1.418010555073515e-05,6.034600344811659e-06,0.02356078656157473,-7.892863498127535,204
1780,1564,148,385,978,hotel_market,1780,0.09462915601023018,5.746674354771613e-05,2.8173477430702794e-05,0.010727256004640737,-16.777428391258113,204
1781,5113,451,970,3367,hotel_market,1781,0.08820653236847252,0.00014478634088645363,9.210421362096124e-05,0.0043046323628830735,-22.009585271421155,204
1782,2526,234,525,1584,hotel_market,1782,0.09263657957244656,7.836374120143109e-05,4.550268797311717e-05,0.008734679566857112,-22.063800585881065,204
1783,3487,261,647,2232,hotel_market,1783,0.07484944078004015,9.657398201395412e-05,6.281388478315898e-05,-0.0090524592255493,31.56592531949041,204
1784,6594,225,1372,4147,hotel_market,1784,0.034121929026387623,0.00020479057700640657,0.00011878255126474055,-0.049779970979201824,328.2491286368568,204
1785,1484,74,756,924,hotel_market,1785,0.04986522911051213,0.00011284378733006077,2.6732378840897022e-05,-0.034036670895077316,50.51041960829474,204
1786,8092,450,1312,4850,hotel_market,1786,0.05561047948591201,0.00019583472086910015,0.0001457671223588536,-0.028291420519677438,228.93417484522982,204
1787,2431,68,551,1485,hotel_market,1787,0.027972027972027972,8.224461219426386e-05,4.379138339772282e-05,-0.05592987203356148,135.96551891358794,204
1788,495,15,169,311,hotel_market,1788,0.030303030303030304,2.5225661453413055e-05,8.916797524423198e-06,-0.05359886970255914,26.531440502766777,204
1789,3645,283,664,2274,hotel_market,1789,0.07764060356652949,9.911147458619094e-05,6.566005449802537e-05,-0.006261296439059955,22.822425520373535,204
1790,738,85,261,451,hotel_market,1790,0.11517615176151762,3.895797419728288e-05,1.3294134490958223e-05,0.03127425175592817,-23.08039779587499,204
1791,3585,226,939,2231,hotel_market,1791,0.06304044630404464,0.00014015914854884531,6.457923055567104e-05,-0.02086145370154481,74.78831152003815,204
1792,705,90,238,448,hotel_market,1792,0.1276595744680851,3.5524896011315423e-05,1.2699681322663343e-05,0.04375767446249565,-30.849160496059433,204
1793,3221,47,913,1725,hotel_market,1793,0.014591741695125737,0.00013627827755601253,5.802223197205479e-05,-0.06931015831046371,223.2480199180036,22
1794,20962,656,2976,10789,hotel_market,1794,0.031294723785898294,0.00044421046441039795,0.00037760385799385674,-0.05260717621969115,1102.751627917166,22
1795,1294,54,359,786,hotel_market,1795,0.04173106646058733,5.358587255488335e-05,2.330976969010832e-05,-0.04217083354500212,54.56905860723274,22
1796,5784,99,1378,2951,hotel_market,1796,0.01711618257261411,0.0002056861626201372,0.00010419142804295714,-0.06678571743297534,386.2885896323294,22
1797,10996,341,1476,5644,hotel_market,1797,0.03101127682793743,0.0002203140609777377,0.00019807900116880302,-0.052890623177652016,581.5852924614616,208
1798,18730,607,2662,9432,hotel_market,1798,0.03240790176187934,0.0003973414839584944,0.00033739720733827575,-0.05149399824371011,964.4825871046903,208
1799,3053,56,913,1733,hotel_market,1799,0.0183426138224697,0.00013627827755601253,5.499592493346268e-05,-0.06555928618311975,200.15250071706458,22
1800,4867,143,892,2576,hotel_market,1800,0.02938154920895829,0.0001331437279079553,8.76728354573085e-05,-0.05452035079663116,265.35054732720386,208
1801,4071,130,644,2119,hotel_market,1801,0.03193318594939818,9.612618920708879e-05,7.333390448874109e-05,-0.051968714056191266,211.56463492275464,208
1802,2933,40,870,1492,hotel_market,1802,0.013637913399249914,0.00012985991399094295,5.2834277048754024e-05,-0.07026398660633953,206.08427271639385,22
1803,386,36,111,255,hotel_market,1803,0.09326424870466321,1.6568333854016858e-05,6.953300695812838e-06,0.009362348699073764,-3.6138665978424727,105
1804,1126,125,306,759,hotel_market,1804,0.11101243339253997,4.567486630026269e-05,2.0283462651516204e-05,0.02711053338695052,-30.526460593706286,105
1805,254,21,65,161,hotel_market,1805,0.08267716535433071,9.702177482081945e-06,4.575488022633318e-06,-0.0012247346512587326,0.3110826014197181,105
1806,143,11,46,93,hotel_market,1806,0.07692307692307693,6.866156371934914e-06,2.575963729277813e-06,-0.00697882308251252,0.9979717007992903,105
1807,4407,372,878,2741,hotel_market,1807,0.08441116405718176,0.0001310540281425838,7.938651856592532e-05,0.0005092640515923091,-2.2443266753673066,105
1808,21791,1874,3369,14093,hotel_market,1808,0.08599880684686338,0.0005028713221097549,0.00039253724213071905,0.002096906841273935,-45.693696978200315,105
1809,1138,148,258,746,hotel_market,1809,0.13005272407732865,3.851018139041756e-05,2.049962743998707e-05,0.046150824071739205,-52.51963779363921,105
1810,226,28,54,127,hotel_market,1810,0.12389380530973451,8.060270523575769e-06,4.0711035162012986e-06,0.039991905304145065,-9.038170598736784,105
1811,191,22,56,120,hotel_market,1811,0.11518324607329843,8.358799061485982e-06,3.4406228831612745e-06,0.03128134606770898,-5.974737098932415,105
1812,562,55,177,362,hotel_market,1812,0.09786476868327403,2.641977560505391e-05,1.012371759338553e-05,0.013962868677684578,-7.847132196858733,105
1813,58,4,15,28,hotel_market,1813,0.06896551724137931,2.2389640343266026e-06,1.0447964776091829e-06,-0.014936382764210138,0.866310200324188,105
1814,1021,84,236,669,hotel_market,1814,0.08227228207639568,3.522636747340521e-05,1.8392020752396132e-05,-0.0016296179291937635,1.6638399057068325,105
1815,393,36,119,246,hotel_market,1815,0.0916030534351145,1.7762448005657712e-05,7.0793968224208424e-06,0.007701153429525057,-3.026553297803347,105
1816,280,38,83,201,hotel_market,1816,0.1357142857142857,1.2388934323273867e-05,5.043845064320193e-06,0.05181238570869626,-14.507467998434953,105
1817,6731,331,1529,4464,hotel_market,1817,0.04917545684147972,0.00022822506723235836,0.00012125043259978293,-0.03472644316410973,233.74368893762258,105
1818,2721,133,657,1827,hotel_market,1818,0.04887908857037854,9.806662470350519e-05,4.901536578576873e-05,-0.03502281143521091,95.29706991520888,105
1819,598,19,173,368,hotel_market,1819,0.03177257525083612,2.5822718529233482e-05,1.0772211958798126e-05,-0.05212932475475333,31.17333620334249,105
1820,3626,178,869,2378,hotel_market,1820,0.049089906232763374,0.00012971064972198783,6.53177935829465e-05,-0.03481199377282607,126.22828942026734,105
1821,2656,135,642,1679,hotel_market,1821,0.05082831325301205,9.582766066917859e-05,4.784447318155154e-05,-0.0330735867525774,87.84344641484557,105
1822,2577,130,590,1672,hotel_market,1822,0.05044625533566162,8.806591868351303e-05,4.6421388324118346e-05,-0.03345564466992783,86.21519631440401,105
1823,468,24,114,322,hotel_market,1823,0.05128205128205128,1.701612666088218e-05,8.430426750363751e-06,-0.03261984872353817,15.266089202615863,105
1824,155,11,65,111,hotel_market,1824,0.07096774193548387,9.702177482081945e-06,2.7921285177486784e-06,-0.012934158070105575,2.0047945008663643,105
1825,86,12,31,54,hotel_market,1825,0.13953488372093023,4.627192337608312e-06,1.5491809840412022e-06,0.055632983715340784,-4.784436599519307,105
1826,90,11,38,69,hotel_market,1826,0.12222222222222222,5.67204222029406e-06,1.6212359135314907e-06,0.03832032221663277,-3.4488289994969494,105
1827,742,76,167,544,hotel_market,1827,0.10242587601078167,2.492713291550284e-05,1.3366189420448511e-05,0.01852397600519222,-13.744790195852627,105
1828,1351,79,414,916,hotel_market,1828,0.05847520355292376,6.179540734741422e-05,2.4336552435344932e-05,-0.02542669645266569,34.35146690755135,105
1829,53,2,23,43,hotel_market,1829,0.03773584905660377,3.433078185967457e-06,9.547278157463224e-07,-0.046166050948985675,2.4468007002962406,105
1830,2174,221,471,1401,hotel_market,1830,0.10165593376264949,7.030347067785531e-05,3.916185417797178e-05,0.017754033757060042,-38.597269387848534,105
1831,73,4,27,40,hotel_market,1831,0.0547945205479452,4.030135261787884e-06,1.3150024631977647e-06,-0.029107379457644245,2.12483870040803,105
1832,51,4,42,44,hotel_market,1832,0.0784313725490196,6.2690992961144865e-06,9.18700351001178e-07,-0.00547052745656984,0.27899690028506186,105
1833,207,19,47,125,hotel_market,1833,0.09178743961352658,7.015420640890021e-06,3.7288426011224285e-06,0.007885539607937128,-1.6323066988429855,105
1834,5489,417,1026,3546,hotel_market,1834,0.07597012206230642,0.00015314513994793961,9.887737699304836e-05,-0.007931777943283022,43.53752913068051,105
1835,2991,247,566,1998,hotel_market,1835,0.0825810765630224,8.448357622859046e-05,5.3879073526363204e-05,-0.0013208234425670512,3.95058291671805,105
1836,174,20,60,130,hotel_market,1836,0.11494252873563218,8.95585613730641e-06,3.1343894328275484e-06,0.031040628730042735,-5.401069399027436,105
1837,1317,78,262,751,hotel_market,1837,0.05922551252847381,3.910723846623799e-05,2.372408553467748e-05,-0.02467638747711564,32.498802307361295,105
1838,357,55,102,259,hotel_market,1838,0.15406162464985995,1.5224955433420897e-05,6.430902457008246e-06,0.0701597246442705,-25.04702169800457,105
1839,259,25,75,165,hotel_market,1839,0.09652509652509653,1.1194820171633012e-05,4.665556684496178e-06,0.01262319651950708,-3.2694078985523336,105
1840,1830,171,407,1207,hotel_market,1840,0.09344262295081968,6.075055746472848e-05,3.296513024180698e-05,0.009540722945230229,-17.45952298977132,105
1841,724,83,131,503,hotel_market,1841,0.11464088397790055,1.9553619233118995e-05,1.3041942237742214e-05,0.030738983972311104,-22.25502439595324,105
1842,61,8,25,42,hotel_market,1842,0.13114754098360656,3.731606723877671e-06,1.0988376747268992e-06,0.04724564097801712,-2.8819840996590442,105
1843,775,61,202,484,hotel_market,1843,0.07870967741935483,3.015138232893158e-05,1.3960642588743392e-05,-0.005192222586234613,4.023972504331825,30
1844,1894,178,421,1235,hotel_market,1844,0.09398099260823653,6.284025723009997e-05,3.411800911365159e-05,0.010079092602647083,-19.089801389413577,105
1845,3775,301,707,2418,hotel_market,1845,0.07973509933774835,0.00010552983815126053,6.800183970645975e-05,-0.0041668006678411,15.729672521100152,105
1846,14795,1242,2217,9145,hotel_market,1846,0.08394727948631295,0.00033091888427347186,0.0002665131704522045,4.537948072350084e-05,-0.671389417304195,105
1847,714,89,164,459,hotel_market,1847,0.12464985994397759,2.447934010863752e-05,1.2861804914016493e-05,0.040747959938388145,-29.094043396009134,105
1848,5940,141,2592,3793,hotel_market,1848,0.023737373737373738,0.0003868929851316369,0.00010700157029307839,-0.06016452626821571,357.3772860332013,105
1849,20390,1428,3085,12779,hotel_market,1849,0.07003433055419324,0.00046048026972650457,0.0003673000030767455,-0.013867569451396208,282.7597411139687,105
1850,2139,206,422,1338,hotel_market,1850,0.09630668536699392,6.298952149905508e-05,3.853137354493176e-05,0.012404785361404477,-26.533835888044177,105
1851,4642,424,818,3117,hotel_market,1851,0.0913399396811719,0.00012209817200527738,8.361974567347978e-05,0.0074380396755824585,-34.527380174053775,12
1852,3150,243,736,2064,hotel_market,1852,0.07714285714285714,0.00010985850195095863,5.674325697360217e-05,-0.006759042862732309,21.290985017606772,105
1853,6452,218,1284,3575,hotel_market,1853,0.0337879727216367,0.00019165532133835718,0.0001162246012678353,-0.050113927283952746,323.3350588360631,105
1854,44347,1604,5674,26687,hotel_market,1854,0.03616930119286536,0.0008469254620512761,0.0007988549895264558,-0.04773259881272409,2116.797559547875,105
1855,4124,247,1165,2760,hotel_market,1855,0.05989330746847721,0.00017389287333269946,7.428863230448742e-05,-0.02400859253711224,99.01143562305087,105
1856,778,74,176,511,hotel_market,1856,0.09511568123393316,2.6270511336098803e-05,1.4014683785861109e-05,0.011213781228343711,-8.724321795651408,105
1857,6500,441,1206,4022,hotel_market,1857,0.06784615384615385,0.00018001270835985884,0.00011708926042171877,-0.0160557461594356,104.36235003633139,105
1858,1945,147,437,1257,hotel_market,1858,0.07557840616966581,6.522848553338168e-05,3.503670946465277e-05,-0.008323493835923637,16.189195510871475,105
1859,10891,356,1955,5761,hotel_market,1859,0.032687540170783215,0.00029181164580723386,0.00019618755926968293,-0.05121435983480623,557.7755929608746,105
1860,3810,232,779,2486,hotel_market,1860,0.06089238845144357,0.00011627686551602822,6.863232033949978e-05,-0.02300951155414588,87.6662390212958,105
1861,4403,204,1315,3011,hotel_market,1861,0.04633204633204633,0.0001962825136759655,7.931446363643504e-05,-0.03756985367354312,165.42006572461034,105
1862,3554,201,703,2315,hotel_market,1862,0.056555993247045584,0.0001049327810754401,6.402080485212131e-05,-0.027345906758543863,97.18735261986488,105
1863,2385,143,512,1626,hotel_market,1863,0.059958071278826,7.64233057050147e-05,4.2962751708584505e-05,-0.02394382872676345,57.10603151333083,105
1864,2543,105,685,1706,hotel_market,1864,0.04128981517892253,0.00010224602423424818,4.58089214234509e-05,-0.04261208482666692,108.36253171421397,105
1865,9761,583,2955,5996,hotel_market,1865,0.05972748693781375,0.00044107591476234067,0.00017583204168867644,-0.0241744130677757,235.96644595455862,105
1866,3890,206,891,2474,hotel_market,1866,0.05295629820051414,0.00013299446363900018,7.007341892930554e-05,-0.030945601805075308,120.37839102174294,105
1867,5666,390,1076,3751,hotel_market,1867,0.06883162725026473,0.00016060835339569494,0.00010206580762299362,-0.015070272755324715,85.38816543166983,105
1868,14584,404,2287,8384,hotel_market,1868,0.027701590784421283,0.0003413673831003293,0.00026271227292159175,-0.056200309221168164,819.6253096815165,105
1869,12905,884,2252,8090,hotel_market,1869,0.06850058117008911,0.0003361431336869006,0.0002324672162680432,-0.015401318835500333,198.7540195721318,105
1870,1787,100,330,1178,hotel_market,1870,0.05595970900951315,4.925720875518526e-05,3.219053974978638e-05,-0.027942190996076297,49.93269530998834,105
1871,18271,1149,3104,12357,hotel_market,1871,0.06288654151387445,0.0004633162908366516,0.0003291289041792652,-0.021015358491715,383.97161500212474,105
1872,650,26,127,418,hotel_market,1872,0.04,1.895656215729857e-05,1.1708926042171877e-05,-0.043901900005589446,28.53623500363314,105
1873,11657,817,1719,7538,hotel_market,1873,0.0700866432186669,0.0002565852783338286,0.0002099860782670732,-0.013815256786922553,161.0444483651562,105
1874,5249,231,1063,3297,hotel_market,1874,0.044008382549056965,0.00015866791789927856,9.455408122363105e-05,-0.03989351745653248,209.401073129339,105
1875,2246,195,420,1444,hotel_market,1875,0.08682101513802315,6.269099296114486e-05,4.045884290879698e-05,0.002919115132433703,-6.5563325874460965,170
1876,1523,77,366,894,hotel_market,1876,0.050558108995403805,5.46307224375691e-05,2.7434914403427334e-05,-0.03334379101018564,50.782593708512735,77
1877,2857,242,456,1777,hotel_market,1877,0.08470423521176058,6.806450664352872e-05,5.146523338843854e-05,0.000802335206171137,-2.2922716840309385,77
1878,2336,207,429,1468,hotel_market,1878,0.08861301369863013,6.403437138174083e-05,4.208007882232847e-05,0.004711113693040683,-11.005161586943036,77
1879,4932,298,749,2981,hotel_market,1879,0.060421735604217354,0.00011179893744737502,8.884372806152569e-05,-0.023480164401372093,115.80417082756716,170
1880,52075,1485,12995,28826,hotel_market,1880,0.028516562650024002,0.0019396891750716133,0.0009380651133016931,-0.055385337355565445,2884.1914427910706,77
1881,1395,109,503,961,hotel_market,1881,0.07813620071684588,7.507992728441874e-05,2.5129156659738106e-05,-0.00576569928874357,8.04315050779728,77
1882,10400,812,1692,6354,hotel_market,1882,0.07807692307692307,0.00025255514307204077,0.00018734281667475003,-0.0058249769286663755,60.579760058130304,77
1883,2054,140,408,1252,hotel_market,1883,0.06815968841285297,6.089982173368359e-05,3.700020629326313e-05,-0.015742211592736477,32.33450261148072,77
1884,4828,396,856,3149,hotel_market,1884,0.0820215410107705,0.00012777021422557145,8.697029989477819e-05,-0.001880358994818948,9.078373226985882,77
1885,8975,808,1244,5623,hotel_market,1885,0.09002785515320334,0.0001856847505801529,0.00016167324804383475,0.006125955147613896,-54.98044744983471,77
1886,2953,266,508,1867,hotel_market,1886,0.09007788689468338,7.582624862919427e-05,5.319455169620546e-05,0.006175986889093932,-18.23768928349438,170
1887,10092,806,1496,6483,hotel_market,1887,0.07986523979389616,0.00022329934635683982,0.0001817945871039978,-0.004036660211693285,40.737974856408634,77
1888,1367,98,492,864,hotel_market,1888,0.07168983174835405,7.343802032591255e-05,2.4624772153306084e-05,-0.012212068257235392,16.693897307640782,74
1889,1268,100,236,814,hotel_market,1889,0.07886435331230283,3.522636747340521e-05,2.2841412648421445e-05,-0.0050375466932866125,6.387609207087425,77
1890,7480,653,1139,4776,hotel_market,1890,0.08729946524064171,0.00017001200233986667,0.00013474271814683945,0.0033975652350522606,-25.41378795819091,77
1891,361,36,82,240,hotel_market,1891,0.0997229916897507,1.223967005431876e-05,6.502957386498534e-06,0.01582109168416125,-5.711414097982211,77
1892,875,93,176,602,hotel_market,1892,0.10628571428571429,2.6270511336098803e-05,1.5762015826000604e-05,0.022383814280124842,-19.585837495109235,77
1893,248,30,66,177,hotel_market,1893,0.12096774193548387,9.85144175103705e-06,4.4674056283978855e-06,0.03706584192989443,-9.192328798613818,77
1894,21509,695,2849,10383,hotel_market,1894,0.03231205541866196,0.0004252539022530994,0.0003874573696016537,-0.05158984458692749,1109.6459672202234,170
1895,8914,364,2786,5633,hotel_market,1895,0.040834642135965896,0.00041585025330892765,0.00016057441036910786,-0.04306725786962355,383.9015366498243,77
1896,1660,148,394,1073,hotel_market,1896,0.0891566265060241,5.881012196831209e-05,2.9902795738469718e-05,0.005254726500434653,-8.722845990721524,77
1897,3270,247,532,2040,hotel_market,1897,0.07553516819571865,7.940859108411683e-05,5.890490485831083e-05,-0.008366731809870798,27.359213018277508,77
1898,846,56,222,556,hotel_market,1898,0.06619385342789598,3.3136667708033716e-05,1.5239617587196011e-05,-0.017708046577693468,14.981007404728674,77
1899,1747,146,341,1100,hotel_market,1899,0.0835718374356039,5.089911571369143e-05,3.146999045488349e-05,-0.00033006256998555084,0.5766193097647573,170
1900,11082,737,1835,7140,hotel_market,1900,0.06650424111171269,0.000273899933532621,0.00019962818215284422,-0.01739765889387676,192.80085586194227,77
1901,7044,763,1741,4598,hotel_market,1901,0.1083191368540602,0.000259869092250841,0.000126888730832398,0.024417236848470747,-171.99501636062794,70
1902,4891,479,1185,3159,hotel_market,1902,0.09793498262114086,0.0001768781587118016,8.810516503425023e-05,0.014033082615551418,-68.63580707266199,70
1903,6453,410,1319,4054,hotel_market,1903,0.0635363396869673,0.0001968795707517859,0.00011624261500020788,-0.020365560318622147,131.41896073606873,70
1904,5419,446,1291,3465,hotel_market,1904,0.08230300793504336,0.00019270017122104293,9.761641572696831e-05,-0.0015988920705460874,8.664396130289248,70
1905,8858,776,1701,5738,hotel_market,1905,0.0876044253781892,0.00025389852149263674,0.00015956564135624382,0.0037025253725997548,-32.79696975048863,70
1906,1930,150,518,1288,hotel_market,1906,0.07772020725388601,7.731889131874534e-05,3.476650347906419e-05,-0.006181692751703438,11.930667010787635,70
1907,5530,490,1207,3584,hotel_market,1907,0.08860759493670886,0.00018016197262881394,9.961594002032382e-05,0.004705694931119414,-26.02249296909036,70
1908,12674,1600,2610,8539,hotel_market,1908,0.1262427015938141,0.0003895797419728288,0.00022830604408997902,0.04234080158822465,-536.6273193291591,70
1909,7226,949,1550,4946,hotel_market,1909,0.13133130362579573,0.00023135961688041558,0.00013016723012420614,0.047429403620206284,-342.7248705596106,70
1910,4362,478,1104,2991,hotel_market,1910,0.10958276020174232,0.00016478775292643795,7.857590060915958e-05,0.02568086019615287,-112.01991217561883,70
1911,4323,435,1284,2823,hotel_market,1911,0.10062456627342123,0.00019165532133835718,7.787336504662927e-05,0.01672266626783178,-72.2920862758368,70
1912,8270,720,2484,5379,hotel_market,1912,0.08706166868198308,0.0003707724440844854,0.00014897356672117143,0.003159768676393629,-26.131286953775312,70
1913,10158,1021,2343,6564,hotel_market,1913,0.10051191179366017,0.00034972618216181533,0.00018298349344058758,0.016610011788070728,-168.72449974322245,70
1914,6030,904,1480,4185,hotel_market,1914,0.14991708126036485,0.0002209111180535581,0.00010862280620660987,0.0660151812547754,-398.0715429662957,70
1915,10139,905,2465,6655,hotel_market,1915,0.0892592957885393,0.00036793642297433836,0.0001826412325255087,0.005357395782949859,-54.318635843328614,70
1916,4118,353,1225,2565,hotel_market,1916,0.0857212238950947,0.00018284872947000588,7.418054991025198e-05,0.0018193238895052588,-7.491975776982656,31
1917,1542,140,391,937,hotel_market,1917,0.0907911802853437,5.836232916144677e-05,2.7777175318506205e-05,0.006889280279754259,-10.623270191381067,70
1918,10521,1042,2060,6719,hotel_market,1918,0.09904001520767988,0.00030748439404752005,0.00018952247829183126,0.015138115202090435,-159.26811004119347,31
1919,6480,732,1448,4439,hotel_market,1919,0.11296296296296296,0.00021613466144699468,0.00011672898577426732,0.029061062957373512,-188.31568796378036,70
1920,1877,202,429,1210,hotel_market,1920,0.10761854022376133,6.403437138174083e-05,3.381177566331786e-05,0.02371664021817188,-44.51613368950862,31
1921,10124,550,1753,6125,hotel_market,1921,0.054326353220071115,0.00026166026347830226,0.00018237102653992013,-0.029575546785518332,299.4228356565876,70
1922,3341,357,748,2214,hotel_market,1922,0.10685423525890451,0.00011164967317841991,6.0183879856763446e-05,0.022952335253315068,-76.68375208132564,70
1923,3899,510,680,2604,hotel_market,1923,0.1308027699410105,0.00010149970288947264,7.02355425206587e-05,0.04690086993542106,-182.86649187820672,70
1924,2292,268,574,1514,hotel_market,1924,0.1169284467713787,8.567769038023132e-05,4.128747459793529e-05,0.033026546765789255,-75.69684518718897,70
1925,10150,930,2332,6498,hotel_market,1925,0.0916256157635468,0.0003480842752033091,0.000182839383581607,0.007723715757957356,-78.39571494326717,70
1926,9357,736,1897,6081,hotel_market,1926,0.07865768943037298,0.00028315431820783766,0.0001685544938101573,-0.005244210575216471,49.07007835230052,70
1927,3888,398,711,2547,hotel_market,1927,0.10236625514403293,0.00010612689522708096,7.00373914645604e-05,0.01846435513844348,-71.78941277826826,70
1928,5307,523,1116,3402,hotel_market,1928,0.09854908611268136,0.00016657892415389923,9.559887770124023e-05,0.014647186107091911,-77.73261667033677,70
1929,8889,771,2080,5809,hotel_market,1929,0.08673641579480257,0.00031046967942662223,0.00016012406705979355,0.002834515789213121,-25.196010850315435,70
1930,13806,1433,2913,8840,hotel_market,1930,0.10379545125307837,0.0004348068154662262,0.0002486975891357307,0.019893551247488928,-274.65036852283214,70
1931,8429,854,1911,5554,hotel_market,1931,0.10131688219243089,0.00028524401797320917,0.00015183775016841037,0.01741498218684144,-146.7908848528865,70
1932,3251,241,583,2010,hotel_market,1932,0.0741310366041218,8.702106880082728e-05,5.8562643943231955e-05,-0.009770863401467642,31.765076918171303,103
1933,46616,1056,6611,23247,hotel_market,1933,0.022653166294834392,0.0009867860820622113,0.0008397281482798219,-0.06124873371075505,2855.1709706605575,163
1934,10922,226,2250,5613,hotel_market,1934,0.02069218091924556,0.00033584460514899034,0.00019674598497323268,-0.06320971908634389,690.3765518610479,163
1935,62858,3423,7350,35364,hotel_market,1935,0.0544560755989691,0.0010970923768200353,0.0011323071894751382,-0.029445824406620344,1850.9056305513416,163
1936,6860,161,1965,2961,hotel_market,1936,0.02346938775510204,0.00029330428849678493,0.00012357420407584473,-0.0604325122504874,414.5670340383436,53
1937,11412,849,2325,6984,hotel_market,1937,0.07439537329127234,0.0003470394253206234,0.00020557271383579302,-0.009506526714317107,108.48848286378683,84
1938,5045,206,810,3036,hotel_market,1938,0.04083250743310208,0.00012090405785363653,9.087927981962634e-05,-0.04306939257248737,217.28508552819878,124
1939,87275,4732,9516,54438,hotel_market,1939,0.054219421369235174,0.0014203987833767966,0.0015721484928162316,-0.029682478636354273,2590.5383229878194,124
1940,270,16,89,160,hotel_market,1940,0.05925925925925926,1.3284519937004507e-05,4.863707740594472e-06,-0.024642640746330186,6.65351300150915,124
1941,1037,105,218,674,hotel_market,1941,0.10125361620057859,3.2539610632213286e-05,1.8680240470357288e-05,0.01735171619498914,-17.993729694203736,124
1942,5455,354,725,3582,hotel_market,1942,0.06489459211732355,0.00010821659499245245,9.82649100923809e-05,-0.019007307888265892,103.68486453049044,124
1943,8087,488,1374,4879,hotel_market,1943,0.06034376159267961,0.0002050891055443168,0.0001456770536969907,-0.023558138412909838,190.51466534520185,124
1944,111,8,33,63,hotel_market,1944,0.07207207207207207,4.925720875518525e-06,1.9995242933555052e-06,-0.011829827933517376,1.3131109006204287,124
1945,757,34,168,523,hotel_market,1945,0.04491413474240423,2.5076397184457946e-05,1.3636395406037093e-05,-0.03898776526318522,29.51373830423121,124
1946,5990,365,923,3912,hotel_market,1946,0.06093489148580968,0.0001377709202455636,0.000107902256911707,-0.022967008519779765,137.57238103348078,124
1947,258,23,68,147,hotel_market,1947,0.08914728682170543,1.0149970288947264e-05,4.647542952123607e-06,0.005245386816115985,-1.353309798557924,124
1948,98,13,27,61,hotel_market,1948,0.1326530612244898,4.030135261787884e-06,1.7653457725120675e-06,0.04875116121890036,-4.777613799452235,124
1949,264,23,69,147,hotel_market,1949,0.08712121212121213,1.0299234557902372e-05,4.7556253463590396e-06,0.00321931211562268,-0.8498983985243875,124
1950,410,42,98,287,hotel_market,1950,0.1024390243902439,1.462789835760047e-05,7.385630272754568e-06,0.01853712438465445,-7.600220997708324,124
1951,517,53,108,327,hotel_market,1951,0.10251450676982592,1.6120541047151537e-05,9.313099636619785e-06,0.01861260676423647,-9.622717697110255,124
1952,1206,93,215,797,hotel_market,1952,0.07711442786069651,3.209181782534797e-05,2.1724561241321976e-05,-0.006787472144892934,8.185691406740878,124
1953,3200,200,557,2112,hotel_market,1953,0.0625,8.31401978079945e-05,5.7643943592230776e-05,-0.021401900005589447,68.48608001788622,124
1954,217,17,60,154,hotel_market,1954,0.07834101382488479,8.95585613730641e-06,3.90897992484815e-06,-0.0055608861807046606,1.2067123012129113,124
1955,1320,140,300,914,hotel_market,1955,0.10606060606060606,4.477928068653205e-05,2.3778126731795195e-05,0.022158706055016616,-29.249491992621934,148
1956,192,9,77,139,hotel_market,1956,0.046875,1.1493348709543225e-05,3.4586366155338465e-06,-0.03702690000558945,7.109164801073174,148
1957,3726,323,778,2495,hotel_market,1957,0.08668813741277509,0.00011612760124707312,6.711916682020371e-05,0.0027862374071856433,-10.381520579173706,8
1958,858,90,192,560,hotel_market,1958,0.1048951048951049,2.865873963938051e-05,1.5455782375666877e-05,0.02099320488951545,-18.012169795204255,148
1959,18,0,7,10,hotel_market,1959,0.0,1.0448498826857477e-06,3.242471827062981e-07,-0.08390190000558945,1.51023420010061,196
1960,343,18,159,237,hotel_market,1960,0.052478134110787174,2.3733018763861986e-05,6.178710203792236e-06,-0.03142376589480227,10.77835170191718,196
1961,1979,45,868,1243,hotel_market,1961,0.022738756947953513,0.00012956138545303273,3.564917636532022e-05,-0.061163143057635934,121.04186011106151,196
1962,205,15,49,122,hotel_market,1962,0.07317073170731707,7.313949178800235e-06,3.692815136377284e-06,-0.010731168298272378,2.1998895011458375,196
1963,100,4,30,59,hotel_market,1963,0.04,4.477928068653205e-06,1.8013732372572118e-06,-0.043901900005589446,4.3901900005589445,196
1964,84,4,35,48,hotel_market,1964,0.047619047619047616,5.224249413428739e-06,1.513153519296058e-06,-0.03628285238654183,3.0477596004695138,196
1965,103,5,48,71,hotel_market,1965,0.04854368932038835,7.1646849098451275e-06,1.8554144343749282e-06,-0.0353582106852011,3.6418957005757133,196
1966,487,31,91,296,hotel_market,1966,0.06365503080082136,1.3583048474914722e-05,8.772687665442622e-06,-0.020246869204768092,9.86022530272206,196
1967,10,2,6,10,hotel_market,1967,0.2,8.955856137306409e-07,1.8013732372572118e-07,0.11609809999441056,-1.1609809999441056,196
1968,772,53,118,461,hotel_market,1968,0.06865284974093264,1.7613183736702606e-05,1.3906601391625676e-05,-0.01524905026465681,11.772266804315057,196
1969,4158,388,748,2727,hotel_market,1969,0.09331409331409331,0.00011164967317841991,7.490109920515487e-05,0.00941219330850386,-39.135899776759054,196
1970,82,9,23,61,hotel_market,1970,0.10975609756097561,3.433078185967457e-06,1.4771260545509137e-06,0.025854197555386163,-2.1200441995416655,196
1971,32,0,14,16,hotel_market,1971,0.0,2.0896997653714955e-06,5.764394359223078e-07,-0.08390190000558945,2.6848608001788623,196
1972,67,5,32,58,hotel_market,1972,0.07462686567164178,4.776456606563419e-06,1.206920068962332e-06,-0.009275034333947663,0.6214273003744935,196
1973,5639,568,906,3675,hotel_market,1973,0.100727079269374,0.00013523342767332678,0.00010157943684893418,0.01682517926378456,-94.87718586848113,196
1974,3241,106,484,2031,hotel_market,1974,0.03270595495217526,7.224390617427171e-05,5.838250661950623e-05,-0.05119594505341419,165.9260579181154,196
1975,157,6,59,113,hotel_market,1975,0.03821656050955414,8.806591868351303e-06,2.8281559824938224e-06,-0.04568533949603531,7.172598300877543,196
1976,196,4,45,87,hotel_market,1976,0.02040816326530612,6.7168921029798074e-06,3.530691545024135e-06,-0.06349373674028333,12.444772401095532,196
1977,827,100,167,577,hotel_market,1977,0.12091898428053205,2.492713291550284e-05,1.4897356672117142e-05,0.0370170842749426,-30.613128695377533,196
1978,115,11,36,72,hotel_market,1978,0.09565217391304348,5.373513682383846e-06,2.0715792228457937e-06,0.011750273907454034,-1.351281499357214,196
1979,402,13,98,223,hotel_market,1979,0.03233830845771144,1.462789835760047e-05,7.241520413773992e-06,-0.051563591547878006,20.72856380224696,196
1980,78,2,17,38,hotel_market,1980,0.02564102564102564,2.537492572236816e-06,1.4050711250606252e-06,-0.05826087436456381,4.5443482004359765,196
1981,92,5,20,61,hotel_market,1981,0.05434782608695652,2.9852853791021365e-06,1.657263378276635e-06,-0.029554073918632927,2.7189748005142294,196
1982,52,4,15,22,hotel_market,1982,0.07692307692307693,2.2389640343266026e-06,9.367140833737501e-07,-0.00697882308251252,0.362898800290651,196
1983,613,61,142,370,hotel_market,1983,0.09951060358890701,2.119552619162517e-05,1.1042417944386709e-05,0.015608703583317562,-9.568135296573665,196
1984,2906,321,524,2012,hotel_market,1984,0.11046111493461803,7.821447693247598e-05,5.234790627469458e-05,0.026559214929028588,-77.18107858375707,196
1985,142,12,40,78,hotel_market,1985,0.08450704225352113,5.970570758204273e-06,2.557949996905241e-06,0.0006051422479316781,-0.0859301992062983,196
1986,2523,143,539,1628,hotel_market,1986,0.05667855727308759,8.045344096680258e-05,4.544864677599945e-05,-0.027223342732501855,68.68449371410217,196
1987,4935,289,929,3205,hotel_market,1987,0.0585612968591692,0.00013866650585929425,8.88977692586434e-05,-0.025340603146420247,125.05587652758392,196
1988,371,46,84,232,hotel_market,1988,0.12398921832884097,1.2538198592228973e-05,6.6830947102242555e-06,0.04008731832325152,-14.872395097926313,196
1989,598,25,154,393,hotel_market,1989,0.04180602006688963,2.298669741908645e-05,1.0772211958798126e-05,-0.042095879938699815,25.17333620334249,196
1990,555,28,175,402,hotel_market,1990,0.05045045045045045,2.6121247067143694e-05,9.997621466777526e-06,-0.033451449555139,18.565554503102145,196
1991,8634,581,1464,5445,hotel_market,1991,0.06729210099606207,0.0002185228897502764,0.00015553056530478768,-0.016609799009527373,143.40900464825936,196
1992,429,15,86,286,hotel_market,1992,0.03496503496503497,1.2836727130139188e-05,7.727891187833439e-06,-0.04893686504055448,20.99391510239787,196
1993,70,3,31,36,hotel_market,1993,0.04285714285714286,4.627192337608312e-06,1.2609612660800482e-06,-0.04104475714844659,2.8731330003912614,196
1994,73,0,33,54,hotel_market,1994,0.0,4.925720875518525e-06,1.3150024631977647e-06,-0.08390190000558945,6.12483870040803,196
1995,444,11,104,244,hotel_market,1995,0.024774774774774775,1.552348397133111e-05,7.998097173422021e-06,-0.059127125230814676,26.252443602481716,196
1996,607,40,144,406,hotel_market,1996,0.06589785831960461,2.1494054729535385e-05,1.0934335550151276e-05,-0.018004041685984837,10.928453303392796,196
1997,179,27,44,128,hotel_market,1997,0.15083798882681565,6.567627834024701e-06,3.224458094690409e-06,0.0669360888212262,-11.98155989899949,196
1998,38,2,17,28,hotel_market,1998,0.05263157894736842,2.537492572236816e-06,6.845218301577405e-07,-0.03127032105822103,1.188272200212399,196
1999,103,13,29,65,hotel_market,1999,0.1262135922330097,4.328663799698098e-06,1.8554144343749282e-06,0.04231169222742026,-4.358104299424287,196
2000,86,10,33,61,hotel_market,2000,0.11627906976744186,4.925720875518525e-06,1.5491809840412022e-06,0.03237716976185241,-2.7844365995193074,196
2001,613,33,158,375,hotel_market,2001,0.053833605220228384,2.358375449490688e-05,1.1042417944386709e-05,-0.030068294785361063,18.43186470342633,196
2002,3495,325,626,2288,hotel_market,2002,0.09298998569384835,9.343943236589688e-05,6.295799464213955e-05,0.009088085688258904,-31.76285948046487,196
2003,101,1,43,64,hotel_market,2003,0.009900990099009901,6.418363565069594e-06,1.819386969629784e-06,-0.07400090990657955,7.4740919005645345,196
2004,64,10,21,47,hotel_market,2004,0.15625,3.1345496480572432e-06,1.1528788718446156e-06,0.07234809999441055,-4.630278399642275,196
2005,139,10,46,88,hotel_market,2005,0.07194244604316546,6.866156371934914e-06,2.5039087997875243e-06,-0.011959453962423983,1.6623641007769336,196
2006,606,53,228,405,hotel_market,2006,0.08745874587458746,3.403225332176436e-05,1.0916321817778704e-05,0.0035568458689980154,-2.155448596612797,196
2007,8,0,7,6,hotel_market,2007,0.0,1.0448498826857477e-06,1.4410985898057695e-07,-0.08390190000558945,0.6712152000447156,196
2008,483,14,101,307,hotel_market,2008,0.028985507246376812,1.507569116446579e-05,8.700632735952334e-06,-0.05491639275921263,26.5246177026997,196
2009,2952,169,551,1835,hotel_market,2009,0.05724932249322493,8.224461219426386e-05,5.317653796383289e-05,-0.026652577512364516,78.67840881650005,196
2010,406,11,120,287,hotel_market,2010,0.027093596059113302,1.791171227461282e-05,7.31357534326428e-06,-0.056808303946476145,23.064171402269317,196
2011,24,0,9,17,hotel_market,2011,0.0,1.3433784205959616e-06,4.323295769417308e-07,-0.08390190000558945,2.0136456001341467,196
2012,306,28,74,196,hotel_market,2012,0.0915032679738562,1.1045555902677906e-05,5.512202106007068e-06,0.007601367968266756,-2.3260185982896275,196
2013,130,6,60,73,hotel_market,2013,0.046153846153846156,8.95585613730641e-06,2.3417852084343753e-06,-0.03774805385174329,4.907247000726628,196
2014,423,73,166,309,hotel_market,2014,0.17257683215130024,2.4777868646547734e-05,7.619808793598006e-06,0.08867493214571079,-37.509496297635664,196
2015,1486,63,274,946,hotel_market,2015,0.0423956931359354,4.0898409693699275e-05,2.676840630564217e-05,-0.04150620686965405,61.67822340830591,196
2016,9,0,5,7,hotel_market,2016,0.0,7.463213447755341e-07,1.6212359135314905e-07,-0.08390190000558945,0.755117100050305,196
2017,15,0,3,2,hotel_market,2017,0.0,4.4779280686532047e-07,2.702059855885818e-07,-0.08390190000558945,1.2585285000838418,196
2018,92,5,34,71,hotel_market,2018,0.05434782608695652,5.074985144473632e-06,1.657263378276635e-06,-0.029554073918632927,2.7189748005142294,196
2019,380,22,91,257,hotel_market,2019,0.05789473684210526,1.3583048474914722e-05,6.845218301577405e-06,-0.026007163163484184,9.88272200212399,196
2020,28,2,15,19,hotel_market,2020,0.07142857142857142,2.2389640343266026e-06,5.043845064320193e-07,-0.012473328577018022,0.34925320015650463,196
2021,3431,349,543,2327,hotel_market,2021,0.1017196152725153,8.1050498042623e-05,6.180511577029494e-05,0.017817715266925854,-61.132581080822604,196
2022,2457,105,617,1649,hotel_market,2022,0.042735042735042736,9.209605394530091e-05,4.4259740439409694e-05,-0.04116685727054671,101.14696831373327,196
2023,806,23,168,450,hotel_market,2023,0.028535980148883373,2.5076397184457946e-05,1.4519068292293127e-05,-0.055365919856706074,44.6249314045051,196
2024,1522,50,462,968,hotel_market,2024,0.0328515111695138,6.896009225725936e-05,2.7416900671054763e-05,-0.05105038883607565,77.69869180850714,196
2025,2627,205,617,1776,hotel_market,2025,0.07803578226113438,9.209605394530091e-05,4.732207494274695e-05,-0.005866117744455071,15.410291314683471,196
2026,238,24,49,170,hotel_market,2026,0.10084033613445378,7.313949178800235e-06,4.2872683046721645e-06,0.016938436128864337,-4.031347798669712,196
2027,86449,3737,11100,52676,hotel_market,2027,0.04322779904915037,0.0016568333854016857,0.001557269149876487,-0.04067410095643908,3516.2353535832017,196
2028,812,17,468,562,hotel_market,2028,0.020935960591133004,6.985567787099e-05,1.462715068652856e-05,-0.06296593941445644,51.128342804538626,196
2029,324,36,132,252,hotel_market,2029,0.1111111111111111,1.97028835020741e-05,5.836449288713367e-06,0.027209211105521658,-8.815784398189017,196
2030,8383,478,1295,5267,hotel_market,2030,0.057020159847310035,0.00019329722829686334,0.00015100911847927206,-0.02688174015827941,225.3496277468563,196
2031,602,36,180,331,hotel_market,2031,0.059800664451827246,2.686756841191923e-05,1.0844266888288415e-05,-0.0241012355537622,14.508943803364845,196
2032,281,28,65,170,hotel_market,2032,0.099644128113879,9.702177482081945e-06,5.061858796692765e-06,0.015742228108289555,-4.423566098429365,196
2033,412,47,70,276,hotel_market,2033,0.11407766990291263,1.0448498826857477e-05,7.421657737499713e-06,0.03017576989732318,-12.43241719769715,196
2034,45680,4419,5647,30743,hotel_market,2034,0.09673817863397548,0.0008428953267894882,0.0008228672947790944,0.01283627862838603,-586.3612077446738,196
2035,1305,121,458,869,hotel_market,2035,0.09272030651340996,6.836303518143893e-05,2.3507920746206615e-05,0.008818406507820509,-11.508020492705764,196
2036,168,9,57,100,hotel_market,2036,0.05357142857142857,8.50806333044109e-06,3.026307038592116e-06,-0.03033047143416088,5.0955192009390275,196
2037,38,7,19,24,hotel_market,2037,0.18421052631578946,2.83602111014703e-06,6.845218301577405e-07,0.10030862631020002,-3.8117277997876005,196
2038,110,2,45,65,hotel_market,2038,0.01818181818181818,6.7168921029798074e-06,1.981510560982933e-06,-0.06572008182377126,7.229209000614839,196
2039,32,3,13,19,hotel_market,2039,0.09375,1.940435496416389e-06,5.764394359223078e-07,0.009848099994410553,-0.3151391998211377,196
2040,4,0,3,3,hotel_market,2040,0.0,4.4779280686532047e-07,7.205492949028848e-08,-0.08390190000558945,0.3356076000223578,196
2041,74,13,20,47,hotel_market,2041,0.17567567567567569,2.9852853791021365e-06,1.3330161955703367e-06,0.09177377567008624,-6.791259399586382,196
2042,36,5,11,26,hotel_market,2042,0.1388888888888889,1.6419069585061752e-06,6.484943654125962e-07,0.05498698888329945,-1.9795315997987801,196
2043,76,3,23,53,hotel_market,2043,0.039473684210526314,3.433078185967457e-06,1.369043660315481e-06,-0.04442821579506313,3.376544400424798,196
2044,20,1,12,15,hotel_market,2044,0.05,1.7911712274612819e-06,3.6027464745144236e-07,-0.033901900005589444,0.6780380001117889,196
2045,142,4,60,97,hotel_market,2045,0.028169014084507043,8.95585613730641e-06,2.557949996905241e-06,-0.0557328859210824,7.914069800793701,196
2046,111,4,41,70,hotel_market,2046,0.036036036036036036,6.11983502715938e-06,1.9995242933555052e-06,-0.04786586396955341,5.313110900620429,196
2047,119,19,32,76,hotel_market,2047,0.15966386554621848,4.776456606563419e-06,2.1436341523360823e-06,0.07576196554062903,-9.015673899334855,196
2048,449,50,112,297,hotel_market,2048,0.111358574610245,1.6717598122971964e-05,8.08816583528488e-06,0.027456674604655548,-12.32804689749034,196
2049,596,61,197,434,hotel_market,2049,0.10234899328859061,2.9405060984156046e-05,1.0736184494052982e-05,0.018447093283001162,-10.994467596668693,98
2050,3320,154,612,2153,hotel_market,2050,0.0463855421686747,9.134973260052538e-05,5.9805591476939435e-05,-0.037516357836914746,124.55430801855695,98
2051,472,44,133,334,hotel_market,2051,0.09322033898305085,1.9852147771029207e-05,8.50248167985404e-06,0.009318438977461402,-4.398303197361781,98
2052,2706,210,518,1721,hotel_market,2052,0.07760532150776053,7.731889131874534e-05,4.874515980018015e-05,-0.006296578497828914,17.038541415125042,98
2053,2061,187,475,1429,hotel_market,2053,0.09073265405143134,7.090052775367575e-05,3.712630241987114e-05,0.006830754045841894,-14.078184088480144,98
2054,37249,2867,4954,24785,hotel_market,2054,0.07696850922172407,0.0007394551884035992,0.0006709935171459389,-0.006933390783865373,258.2618733082013,98
2055,2384,219,513,1705,hotel_market,2055,0.09186241610738255,7.657256997396981e-05,4.2944737976211926e-05,0.007960516101793103,-18.977870386674756,98
2056,4982,273,891,3322,hotel_market,2056,0.05479727017262144,0.00013299446363900018,8.97444146801543e-05,-0.029104629832968007,144.9992658278466,98
2057,1150,82,300,720,hotel_market,2057,0.07130434782608695,4.477928068653205e-05,2.0715792228457936e-05,-0.012597552179502494,14.487185006427868,119
2058,389,34,120,248,hotel_market,2058,0.08740359897172237,1.791171227461282e-05,7.007341892930554e-06,0.003501698966132921,-1.3621608978257063,119
2059,4621,424,636,2935,hotel_market,2059,0.0917550313784895,9.493207505544795e-05,8.324145729365575e-05,0.007853131372900057,-36.289320074171165,119
2060,48782,4121,5105,31900,hotel_market,2060,0.08447788118568324,0.0007619940930158204,0.0008787458925988131,0.0005759811800937903,-28.097513927335278,119
2061,991,102,189,652,hotel_market,2061,0.1029263370332997,2.8210946832515193e-05,1.785160878121897e-05,0.019024437027710256,-18.853217094460863,119
2062,6484,525,897,4040,hotel_market,2062,0.08096853793954349,0.00013389004925273083,0.00011680104070375762,-0.0029333620660459553,19.019919636241973,119
2063,41546,1670,4775,25049,hotel_market,2063,0.04019640879988447,0.0007127368842606351,0.0007483985251508812,-0.04370549120570498,1815.788337632219,119
2064,538,32,129,348,hotel_market,2064,0.05947955390334572,1.925509069520878e-05,9.6913880164438e-06,-0.024422346102243725,13.139222203007124,119
2065,23252,1637,2422,14539,hotel_market,2065,0.07040254601754688,0.00036151805940926875,0.0004188553051270469,-0.01349935398804257,313.88697892996584,119
2066,104,1,58,68,hotel_market,2066,0.009615384615384616,8.657327599396195e-06,1.8734281667475003e-06,-0.07428651539020484,7.725797600581303,119
2067,5593,117,1165,3322,hotel_market,2067,0.020919005900232435,0.00017389287333269946,0.00010075080515979586,-0.06298289410535701,352.26332673126177,119
2068,5036,215,813,2997,hotel_market,2068,0.042692613185067514,0.00012135185066050185,9.071715622827319e-05,-0.04120928682052193,207.52996842814846,119
2069,481,56,113,358,hotel_market,2069,0.11642411642411643,1.6866862391927073e-05,8.664605271207189e-06,0.032522216418526984,-15.64318609731148,119
2070,2355,185,489,1567,hotel_market,2070,0.07855626326963906,7.299022751904724e-05,4.2422339737407336e-05,-0.005345636735950385,12.588974513163157,119
2071,149,12,56,97,hotel_market,2071,0.08053691275167785,8.358799061485982e-06,2.6840461235132454e-06,-0.0033649872539116,0.5013831008328284,119
2072,1983,90,495,1269,hotel_market,2072,0.0453857791225416,7.388581313277788e-05,3.572123129481051e-05,-0.038516120883047844,76.37746771108388,45
2073,2163,87,567,1390,hotel_market,2073,0.04022191400832178,8.463284049754557e-05,3.896370312187349e-05,-0.04367998599726767,94.47980971208997,45
2074,9345,841,1358,5902,hotel_market,2074,0.08999464954521134,0.00020270087724103507,0.00016833832902168644,0.006092749539621897,-56.93674444776663,45
2075,22,0,13,20,hotel_market,2075,0.0,1.940435496416389e-06,3.963021121965866e-07,-0.08390190000558945,1.845841800122968,45
2076,18465,1425,2613,11788,hotel_market,2076,0.07717303005686434,0.00039002753477969415,0.0003326235682595442,-0.006728869948725111,124.24858360320917,45
2077,3575,215,749,2287,hotel_market,2077,0.06013986013986014,0.00011179893744737502,6.439909323194532e-05,-0.023762039865729306,84.94929251998227,45
2078,12,0,2,7,hotel_market,2078,0.0,2.9852853791021366e-07,2.161647884708654e-07,-0.08390190000558945,1.0068228000670734,98
2079,1731,129,442,1192,hotel_market,2079,0.07452339688041594,6.597480687815721e-05,3.1181770736922335e-05,-0.009378503125173507,16.23418890967534,55
2080,2506,229,451,1631,hotel_market,2080,0.0913806863527534,6.731818529875318e-05,4.514241332566573e-05,0.0074787863471639515,-18.741838585992863,192
2081,172,17,65,111,hotel_market,2081,0.09883720930232558,9.702177482081945e-06,3.0983619680824044e-06,0.01493530929673613,-2.5688731990386144,192
2082,1431,109,279,872,hotel_market,2082,0.07617051013277429,4.164473103847481e-05,2.57776510251507e-05,-0.007731389872815159,11.063618907998492,93
2083,3084,265,451,2017,hotel_market,2083,0.08592736705577173,6.731818529875318e-05,5.555435063701241e-05,0.002025467050182278,-6.246540382762145,93
2084,224,17,78,145,hotel_market,2084,0.07589285714285714,1.1642612978498333e-05,4.0350760514561545e-06,-0.00800904286273231,1.7940256012520375,93
2085,50164,3244,5226,32033,hotel_market,2085,0.06466788932302049,0.0007800550695593883,0.0009036408707377078,-0.019234010682568956,964.8549118803891,93
2086,56401,4197,6950,36731,hotel_market,2086,0.07441357422740731,0.0010373866692379924,0.00101599251954544,-0.009488325778182136,535.1510622152506,93
2087,2063,146,406,1358,hotel_market,2087,0.07077072224915172,6.0601293195773376e-05,3.716232988461628e-05,-0.013131177756437726,27.08961971153103,93
2088,3638,339,551,2296,hotel_market,2088,0.0931830676195712,8.224461219426386e-05,6.553395837141737e-05,0.009281167613981747,-33.7648877796656,93
2089,2305,173,415,1416,hotel_market,2089,0.07505422993492408,6.194467161636933e-05,4.152165311877873e-05,-0.008847670070665364,20.393879512883665,93
2090,1016,83,236,702,hotel_market,2090,0.08169291338582677,3.522636747340521e-05,1.830195209053327e-05,-0.0022089866197626817,2.244330405678885,137
2091,57,1,23,41,hotel_market,2091,0.017543859649122806,3.433078185967457e-06,1.0267827452366107e-06,-0.06635804035646664,3.7824083003185986,137
2092,7122,546,1207,4779,hotel_market,2092,0.07666385846672283,0.00018016197262881394,0.00012829380195745864,-0.007238041538866619,51.549331839808055,137
2093,4667,175,823,3146,hotel_market,2093,0.0374973216198843,0.0001228444933500529,8.407008898279407e-05,-0.04640457838570515,216.57016732608594,137
2094,234,11,94,174,hotel_market,2094,0.04700854700854701,1.4030841281780042e-05,4.2152133751818756e-06,-0.03689335299704244,8.633044601307931,137
2095,51,5,19,39,hotel_market,2095,0.09803921568627451,2.83602111014703e-06,9.18700351001178e-07,0.014137315680685061,-0.7210030997149381,179
2096,21,0,11,18,hotel_market,2096,0.0,1.6419069585061752e-06,3.782883798240145e-07,-0.08390190000558945,1.7619399001173783,179
2097,2778,256,617,1900,hotel_market,2097,0.09215262778977681,9.209605394530091e-05,5.0042148531005345e-05,0.008250727784187367,-22.920521784472506,179
2098,266,18,98,169,hotel_market,2098,0.06766917293233082,1.462789835760047e-05,4.791652811104184e-06,-0.016232727073258624,4.317905401486794,179
2099,379,6,121,206,hotel_market,2099,0.0158311345646438,1.8060976543567927e-05,6.8272045692048325e-06,-0.06807076544094565,25.7988201021184,179
2100,2504,65,846,1406,hotel_market,2100,0.025958466453674122,0.00012627757153602039,4.5106385860920586e-05,-0.05794343355191532,145.09035761399596,10
2101,243,36,74,169,hotel_market,2101,0.14814814814814814,1.1045555902677906e-05,4.377336966535025e-06,0.06424624814255869,-15.611838298641763,150
2102,2168,31,721,1082,hotel_market,2102,0.01429889298892989,0.00010761953791663203,3.905377178373635e-05,-0.06960300701665956,150.89931921211792,53
2103,5174,128,1077,2793,hotel_market,2103,0.024739080015461924,0.00016075761766465006,9.320305129568814e-05,-0.05916281999012753,306.10843062891985,84
2104,6945,479,1087,4404,hotel_market,2104,0.06897048236141108,0.00016225026035420113,0.00012510537132751336,-0.014931417644178366,103.69869553881875,20
2105,1339,91,243,878,hotel_market,2105,0.06796116504854369,3.627121735609096e-05,2.4120387646874066e-05,-0.01594073495704576,21.344644107484275,206
2106,1057,88,187,645,hotel_market,2106,0.08325449385052035,2.7912418294604977e-05,1.904051511780873e-05,-0.0006474061550690996,0.6843083059080383,206
2107,7202,642,1235,4594,hotel_market,2107,0.08914190502638156,0.00018434137215955694,0.0001297349005472644,0.00524000502079211,-37.738516159744776,72
2108,2354,178,446,1410,hotel_market,2108,0.07561597281223449,6.657186395397765e-05,4.2404326005034765e-05,-0.008285927193354956,19.505072613157566,211
2109,587,24,183,366,hotel_market,2109,0.04088586030664395,2.731536121878455e-05,1.0574060902699834e-05,-0.0430160396989455,25.250415303281006,180
2110,824,75,159,562,hotel_market,2110,0.09101941747572816,2.3733018763861986e-05,1.4843315474999426e-05,0.0071175174701387095,-5.864834395394297,206
2111,16142,760,2335,9647,hotel_market,2111,0.04708214595465246,0.00034853206801017445,0.00029077766795805913,-0.03681975405093699,594.3444698902248,180
2112,983,90,181,626,hotel_market,2112,0.09155645981688708,2.7016832680874336e-05,1.770749892223839e-05,0.0076545598112976315,-7.524432294505572,206
2113,2405,136,536,1421,hotel_market,2113,0.05654885654885655,8.000564815993727e-05,4.3323026356035943e-05,-0.027353043456732895,65.78406951344262,180
2114,80,4,42,42,hotel_market,2114,0.05,6.2690992961144865e-06,1.4410985898057694e-06,-0.033901900005589444,2.7121520004471558,36
2115,337,5,122,223,hotel_market,2115,0.01483679525222552,1.8210240812523033e-05,6.070627809556804e-06,-0.06906510475336393,23.274940301883642,36
2116,1253,61,454,726,hotel_market,2116,0.04868316041500399,6.77659781056185e-05,2.2571206662832864e-05,-0.035218739590585454,44.129080707003574,36
2117,6081,613,1101,3833,hotel_market,2117,0.10080578852162474,0.00016433996011957263,0.00010954150655761106,0.01690388851603529,-102.7925460660106,50
